"experiment_id","symbol","timeframe","horizon","start","end","indicator_set","indicator_desc","ema_fast","ema_slow","rsi_period","rsi_buy","rsi_sell","adx_min","atr_period","sl_mult","tp_mult","trail","session_start","session_end","notes"
"E0001","US30Z25.sim","M30","5y","2020-11-10","2025-11-10","BASE_RSI14_EMA50","EMA50 trend + RSI14(30/70) gate","20","50","14","30","70",,"14","1.5","2","none","09:30","16:00",""
"E0002","US30Z25.sim","M30","3y","2022-11-10","2025-11-10","BASE_RSI14_EMA50","EMA50 trend + RSI14(30/70) gate","20","50","14","30","70",,"14","1.5","2","none","09:30","16:00",""
"E0003","US30Z25.sim","M30","5y","2020-11-10","2025-11-10","BASE_RSI14_EMA50","EMA50 trend + RSI14(30/70) gate","20","50","14","30","70",,"14","2","2","none","09:30","16:00",""
"E0004","US30Z25.sim","M30","3y","2022-11-10","2025-11-10","BASE_RSI14_EMA50","EMA50 trend + RSI14(30/70) gate","20","50","14","30","70",,"14","2","2","none","09:30","16:00",""
"E0005","US30Z25.sim","M30","5y","2020-11-10","2025-11-10","BASE_RSI14_EMA50","EMA50 trend + RSI14(30/70) gate","20","50","14","30","70",,"14","1.5",,"atr1.0","09:30","16:00",""
"E0006","US30Z25.sim","M30","3y","2022-11-10","2025-11-10","BASE_RSI14_EMA50","EMA50 trend + RSI14(30/70) gate","20","50","14","30","70",,"14","1.5",,"atr1.0","09:30","16:00",""
"E0007","US30Z25.sim","M30","5y","2020-11-10","2025-11-10","CROSS_EMA20_50_RSI14","EMA20/50 cross + RSI14(35/65)","20","50","14","35","65",,"14","1.5","2","none","09:30","16:00",""
"E0008","US30Z25.sim","M30","3y","2022-11-10","2025-11-10","CROSS_EMA20_50_RSI14","EMA20/50 cross + RSI14(35/65)","20","50","14","35","65",,"14","1.5","2","none","09:30","16:00",""
"E0009","US30Z25.sim","M30","5y","2020-11-10","2025-11-10","CROSS_EMA20_50_RSI14","EMA20/50 cross + RSI14(35/65)","20","50","14","35","65",,"14","2","2","none","09:30","16:00",""
"E0010","US30Z25.sim","M30","3y","2022-11-10","2025-11-10","CROSS_EMA20_50_RSI14","EMA20/50 cross + RSI14(35/65)","20","50","14","35","65",,"14","2","2","none","09:30","16:00",""
"E0011","US30Z25.sim","M30","5y","2020-11-10","2025-11-10","CROSS_EMA20_50_RSI14","EMA20/50 cross + RSI14(35/65)","20","50","14","35","65",,"14","1.5",,"atr1.0","09:30","16:00",""
"E0012","US30Z25.sim","M30","3y","2022-11-10","2025-11-10","CROSS_EMA20_50_RSI14","EMA20/50 cross + RSI14(35/65)","20","50","14","35","65",,"14","1.5",,"atr1.0","09:30","16:00",""
"E0013","US30Z25.sim","M30","5y","2020-11-10","2025-11-10","RSI21_ONLY","RSI21 band only",,,"21","30","70",,"14","1.5","2","none","09:30","16:00",""
"E0014","US30Z25.sim","M30","3y","2022-11-10","2025-11-10","RSI21_ONLY","RSI21 band only",,,"21","30","70",,"14","1.5","2","none","09:30","16:00",""
"E0015","US30Z25.sim","M30","5y","2020-11-10","2025-11-10","RSI21_ONLY","RSI21 band only",,,"21","30","70",,"14","2","2","none","09:30","16:00",""
"E0016","US30Z25.sim","M30","3y","2022-11-10","2025-11-10","RSI21_ONLY","RSI21 band only",,,"21","30","70",,"14","2","2","none","09:30","16:00",""
"E0017","US30Z25.sim","M30","5y","2020-11-10","2025-11-10","RSI21_ONLY","RSI21 band only",,,"21","30","70",,"14","1.5",,"atr1.0","09:30","16:00",""
"E0018","US30Z25.sim","M30","3y","2022-11-10","2025-11-10","RSI21_ONLY","RSI21 band only",,,"21","30","70",,"14","1.5",,"atr1.0","09:30","16:00",""
"E0019","US30Z25.sim","M30","5y","2020-11-10","2025-11-10","ADX_GATE_EMA50_RSI14","EMA50 + RSI14 + ADX>=22","20","50","14","30","70","22","14","1.5","2","none","09:30","16:00",""
"E0020","US30Z25.sim","M30","3y","2022-11-10","2025-11-10","ADX_GATE_EMA50_RSI14","EMA50 + RSI14 + ADX>=22","20","50","14","30","70","22","14","1.5","2","none","09:30","16:00",""
"E0021","US30Z25.sim","M30","5y","2020-11-10","2025-11-10","ADX_GATE_EMA50_RSI14","EMA50 + RSI14 + ADX>=22","20","50","14","30","70","22","14","2","2","none","09:30","16:00",""
"E0022","US30Z25.sim","M30","3y","2022-11-10","2025-11-10","ADX_GATE_EMA50_RSI14","EMA50 + RSI14 + ADX>=22","20","50","14","30","70","22","14","2","2","none","09:30","16:00",""
"E0023","US30Z25.sim","M30","5y","2020-11-10","2025-11-10","ADX_GATE_EMA50_RSI14","EMA50 + RSI14 + ADX>=22","20","50","14","30","70","22","14","1.5",,"atr1.0","09:30","16:00",""
"E0024","US30Z25.sim","M30","3y","2022-11-10","2025-11-10","ADX_GATE_EMA50_RSI14","EMA50 + RSI14 + ADX>=22","20","50","14","30","70","22","14","1.5",,"atr1.0","09:30","16:00",""
"E0025","US30Z25.sim","H1","5y","2020-11-10","2025-11-10","BASE_RSI14_EMA50","EMA50 trend + RSI14(30/70) gate","20","50","14","30","70",,"14","1.5","2","none","09:30","16:00",""
"E0026","US30Z25.sim","H1","3y","2022-11-10","2025-11-10","BASE_RSI14_EMA50","EMA50 trend + RSI14(30/70) gate","20","50","14","30","70",,"14","1.5","2","none","09:30","16:00",""
"E0027","US30Z25.sim","H1","5y","2020-11-10","2025-11-10","BASE_RSI14_EMA50","EMA50 trend + RSI14(30/70) gate","20","50","14","30","70",,"14","2","2","none","09:30","16:00",""
"E0028","US30Z25.sim","H1","3y","2022-11-10","2025-11-10","BASE_RSI14_EMA50","EMA50 trend + RSI14(30/70) gate","20","50","14","30","70",,"14","2","2","none","09:30","16:00",""
"E0029","US30Z25.sim","H1","5y","2020-11-10","2025-11-10","BASE_RSI14_EMA50","EMA50 trend + RSI14(30/70) gate","20","50","14","30","70",,"14","1.5",,"atr1.0","09:30","16:00",""
"E0030","US30Z25.sim","H1","3y","2022-11-10","2025-11-10","BASE_RSI14_EMA50","EMA50 trend + RSI14(30/70) gate","20","50","14","30","70",,"14","1.5",,"atr1.0","09:30","16:00",""
"E0031","US30Z25.sim","H1","5y","2020-11-10","2025-11-10","CROSS_EMA20_50_RSI14","EMA20/50 cross + RSI14(35/65)","20","50","14","35","65",,"14","1.5","2","none","09:30","16:00",""
"E0032","US30Z25.sim","H1","3y","2022-11-10","2025-11-10","CROSS_EMA20_50_RSI14","EMA20/50 cross + RSI14(35/65)","20","50","14","35","65",,"14","1.5","2","none","09:30","16:00",""
"E0033","US30Z25.sim","H1","5y","2020-11-10","2025-11-10","CROSS_EMA20_50_RSI14","EMA20/50 cross + RSI14(35/65)","20","50","14","35","65",,"14","2","2","none","09:30","16:00",""
"E0034","US30Z25.sim","H1","3y","2022-11-10","2025-11-10","CROSS_EMA20_50_RSI14","EMA20/50 cross + RSI14(35/65)","20","50","14","35","65",,"14","2","2","none","09:30","16:00",""
"E0035","US30Z25.sim","H1","5y","2020-11-10","2025-11-10","CROSS_EMA20_50_RSI14","EMA20/50 cross + RSI14(35/65)","20","50","14","35","65",,"14","1.5",,"atr1.0","09:30","16:00",""
"E0036","US30Z25.sim","H1","3y","2022-11-10","2025-11-10","CROSS_EMA20_50_RSI14","EMA20/50 cross + RSI14(35/65)","20","50","14","35","65",,"14","1.5",,"atr1.0","09:30","16:00",""
"E0037","US30Z25.sim","H1","5y","2020-11-10","2025-11-10","RSI21_ONLY","RSI21 band only",,,"21","30","70",,"14","1.5","2","none","09:30","16:00",""
"E0038","US30Z25.sim","H1","3y","2022-11-10","2025-11-10","RSI21_ONLY","RSI21 band only",,,"21","30","70",,"14","1.5","2","none","09:30","16:00",""
"E0039","US30Z25.sim","H1","5y","2020-11-10","2025-11-10","RSI21_ONLY","RSI21 band only",,,"21","30","70",,"14","2","2","none","09:30","16:00",""
"E0040","US30Z25.sim","H1","3y","2022-11-10","2025-11-10","RSI21_ONLY","RSI21 band only",,,"21","30","70",,"14","2","2","none","09:30","16:00",""
"E0041","US30Z25.sim","H1","5y","2020-11-10","2025-11-10","RSI21_ONLY","RSI21 band only",,,"21","30","70",,"14","1.5",,"atr1.0","09:30","16:00",""
"E0042","US30Z25.sim","H1","3y","2022-11-10","2025-11-10","RSI21_ONLY","RSI21 band only",,,"21","30","70",,"14","1.5",,"atr1.0","09:30","16:00",""
"E0043","US30Z25.sim","H1","5y","2020-11-10","2025-11-10","ADX_GATE_EMA50_RSI14","EMA50 + RSI14 + ADX>=22","20","50","14","30","70","22","14","1.5","2","none","09:30","16:00",""
"E0044","US30Z25.sim","H1","3y","2022-11-10","2025-11-10","ADX_GATE_EMA50_RSI14","EMA50 + RSI14 + ADX>=22","20","50","14","30","70","22","14","1.5","2","none","09:30","16:00",""
"E0045","US30Z25.sim","H1","5y","2020-11-10","2025-11-10","ADX_GATE_EMA50_RSI14","EMA50 + RSI14 + ADX>=22","20","50","14","30","70","22","14","2","2","none","09:30","16:00",""
"E0046","US30Z25.sim","H1","3y","2022-11-10","2025-11-10","ADX_GATE_EMA50_RSI14","EMA50 + RSI14 + ADX>=22","20","50","14","30","70","22","14","2","2","none","09:30","16:00",""
"E0047","US30Z25.sim","H1","5y","2020-11-10","2025-11-10","ADX_GATE_EMA50_RSI14","EMA50 + RSI14 + ADX>=22","20","50","14","30","70","22","14","1.5",,"atr1.0","09:30","16:00",""
"E0048","US30Z25.sim","H1","3y","2022-11-10","2025-11-10","ADX_GATE_EMA50_RSI14","EMA50 + RSI14 + ADX>=22","20","50","14","30","70","22","14","1.5",,"atr1.0","09:30","16:00",""
"E0049","US30Z25.sim","H4","5y","2020-11-10","2025-11-10","BASE_RSI14_EMA50","EMA50 trend + RSI14(30/70) gate","20","50","14","30","70",,"14","1.5","2","none","09:30","16:00",""
"E0050","US30Z25.sim","H4","3y","2022-11-10","2025-11-10","BASE_RSI14_EMA50","EMA50 trend + RSI14(30/70) gate","20","50","14","30","70",,"14","1.5","2","none","09:30","16:00",""
"E0051","US30Z25.sim","H4","5y","2020-11-10","2025-11-10","BASE_RSI14_EMA50","EMA50 trend + RSI14(30/70) gate","20","50","14","30","70",,"14","2","2","none","09:30","16:00",""
"E0052","US30Z25.sim","H4","3y","2022-11-10","2025-11-10","BASE_RSI14_EMA50","EMA50 trend + RSI14(30/70) gate","20","50","14","30","70",,"14","2","2","none","09:30","16:00",""
"E0053","US30Z25.sim","H4","5y","2020-11-10","2025-11-10","BASE_RSI14_EMA50","EMA50 trend + RSI14(30/70) gate","20","50","14","30","70",,"14","1.5",,"atr1.0","09:30","16:00",""
"E0054","US30Z25.sim","H4","3y","2022-11-10","2025-11-10","BASE_RSI14_EMA50","EMA50 trend + RSI14(30/70) gate","20","50","14","30","70",,"14","1.5",,"atr1.0","09:30","16:00",""
"E0055","US30Z25.sim","H4","5y","2020-11-10","2025-11-10","CROSS_EMA20_50_RSI14","EMA20/50 cross + RSI14(35/65)","20","50","14","35","65",,"14","1.5","2","none","09:30","16:00",""
"E0056","US30Z25.sim","H4","3y","2022-11-10","2025-11-10","CROSS_EMA20_50_RSI14","EMA20/50 cross + RSI14(35/65)","20","50","14","35","65",,"14","1.5","2","none","09:30","16:00",""
"E0057","US30Z25.sim","H4","5y","2020-11-10","2025-11-10","CROSS_EMA20_50_RSI14","EMA20/50 cross + RSI14(35/65)","20","50","14","35","65",,"14","2","2","none","09:30","16:00",""
"E0058","US30Z25.sim","H4","3y","2022-11-10","2025-11-10","CROSS_EMA20_50_RSI14","EMA20/50 cross + RSI14(35/65)","20","50","14","35","65",,"14","2","2","none","09:30","16:00",""
"E0059","US30Z25.sim","H4","5y","2020-11-10","2025-11-10","CROSS_EMA20_50_RSI14","EMA20/50 cross + RSI14(35/65)","20","50","14","35","65",,"14","1.5",,"atr1.0","09:30","16:00",""
"E0060","US30Z25.sim","H4","3y","2022-11-10","2025-11-10","CROSS_EMA20_50_RSI14","EMA20/50 cross + RSI14(35/65)","20","50","14","35","65",,"14","1.5",,"atr1.0","09:30","16:00",""
"E0061","US30Z25.sim","H4","5y","2020-11-10","2025-11-10","RSI21_ONLY","RSI21 band only",,,"21","30","70",,"14","1.5","2","none","09:30","16:00",""
"E0062","US30Z25.sim","H4","3y","2022-11-10","2025-11-10","RSI21_ONLY","RSI21 band only",,,"21","30","70",,"14","1.5","2","none","09:30","16:00",""
"E0063","US30Z25.sim","H4","5y","2020-11-10","2025-11-10","RSI21_ONLY","RSI21 band only",,,"21","30","70",,"14","2","2","none","09:30","16:00",""
"E0064","US30Z25.sim","H4","3y","2022-11-10","2025-11-10","RSI21_ONLY","RSI21 band only",,,"21","30","70",,"14","2","2","none","09:30","16:00",""
"E0065","US30Z25.sim","H4","5y","2020-11-10","2025-11-10","RSI21_ONLY","RSI21 band only",,,"21","30","70",,"14","1.5",,"atr1.0","09:30","16:00",""
"E0066","US30Z25.sim","H4","3y","2022-11-10","2025-11-10","RSI21_ONLY","RSI21 band only",,,"21","30","70",,"14","1.5",,"atr1.0","09:30","16:00",""
"E0067","US30Z25.sim","H4","5y","2020-11-10","2025-11-10","ADX_GATE_EMA50_RSI14","EMA50 + RSI14 + ADX>=22","20","50","14","30","70","22","14","1.5","2","none","09:30","16:00",""
"E0068","US30Z25.sim","H4","3y","2022-11-10","2025-11-10","ADX_GATE_EMA50_RSI14","EMA50 + RSI14 + ADX>=22","20","50","14","30","70","22","14","1.5","2","none","09:30","16:00",""
"E0069","US30Z25.sim","H4","5y","2020-11-10","2025-11-10","ADX_GATE_EMA50_RSI14","EMA50 + RSI14 + ADX>=22","20","50","14","30","70","22","14","2","2","none","09:30","16:00",""
"E0070","US30Z25.sim","H4","3y","2022-11-10","2025-11-10","ADX_GATE_EMA50_RSI14","EMA50 + RSI14 + ADX>=22","20","50","14","30","70","22","14","2","2","none","09:30","16:00",""
"E0071","US30Z25.sim","H4","5y","2020-11-10","2025-11-10","ADX_GATE_EMA50_RSI14","EMA50 + RSI14 + ADX>=22","20","50","14","30","70","22","14","1.5",,"atr1.0","09:30","16:00",""
"E0072","US30Z25.sim","H4","3y","2022-11-10","2025-11-10","ADX_GATE_EMA50_RSI14","EMA50 + RSI14 + ADX>=22","20","50","14","30","70","22","14","1.5",,"atr1.0","09:30","16:00",""
"E0073","US100Z25.sim","M30","5y","2020-11-10","2025-11-10","BASE_RSI14_EMA50","EMA50 trend + RSI14(30/70) gate","20","50","14","30","70",,"14","1.5","2","none","09:30","16:00",""
"E0074","US100Z25.sim","M30","3y","2022-11-10","2025-11-10","BASE_RSI14_EMA50","EMA50 trend + RSI14(30/70) gate","20","50","14","30","70",,"14","1.5","2","none","09:30","16:00",""
"E0075","US100Z25.sim","M30","5y","2020-11-10","2025-11-10","BASE_RSI14_EMA50","EMA50 trend + RSI14(30/70) gate","20","50","14","30","70",,"14","2","2","none","09:30","16:00",""
"E0076","US100Z25.sim","M30","3y","2022-11-10","2025-11-10","BASE_RSI14_EMA50","EMA50 trend + RSI14(30/70) gate","20","50","14","30","70",,"14","2","2","none","09:30","16:00",""
"E0077","US100Z25.sim","M30","5y","2020-11-10","2025-11-10","BASE_RSI14_EMA50","EMA50 trend + RSI14(30/70) gate","20","50","14","30","70",,"14","1.5",,"atr1.0","09:30","16:00",""
"E0078","US100Z25.sim","M30","3y","2022-11-10","2025-11-10","BASE_RSI14_EMA50","EMA50 trend + RSI14(30/70) gate","20","50","14","30","70",,"14","1.5",,"atr1.0","09:30","16:00",""
"E0079","US100Z25.sim","M30","5y","2020-11-10","2025-11-10","CROSS_EMA20_50_RSI14","EMA20/50 cross + RSI14(35/65)","20","50","14","35","65",,"14","1.5","2","none","09:30","16:00",""
"E0080","US100Z25.sim","M30","3y","2022-11-10","2025-11-10","CROSS_EMA20_50_RSI14","EMA20/50 cross + RSI14(35/65)","20","50","14","35","65",,"14","1.5","2","none","09:30","16:00",""
"E0081","US100Z25.sim","M30","5y","2020-11-10","2025-11-10","CROSS_EMA20_50_RSI14","EMA20/50 cross + RSI14(35/65)","20","50","14","35","65",,"14","2","2","none","09:30","16:00",""
"E0082","US100Z25.sim","M30","3y","2022-11-10","2025-11-10","CROSS_EMA20_50_RSI14","EMA20/50 cross + RSI14(35/65)","20","50","14","35","65",,"14","2","2","none","09:30","16:00",""
"E0083","US100Z25.sim","M30","5y","2020-11-10","2025-11-10","CROSS_EMA20_50_RSI14","EMA20/50 cross + RSI14(35/65)","20","50","14","35","65",,"14","1.5",,"atr1.0","09:30","16:00",""
"E0084","US100Z25.sim","M30","3y","2022-11-10","2025-11-10","CROSS_EMA20_50_RSI14","EMA20/50 cross + RSI14(35/65)","20","50","14","35","65",,"14","1.5",,"atr1.0","09:30","16:00",""
"E0085","US100Z25.sim","M30","5y","2020-11-10","2025-11-10","RSI21_ONLY","RSI21 band only",,,"21","30","70",,"14","1.5","2","none","09:30","16:00",""
"E0086","US100Z25.sim","M30","3y","2022-11-10","2025-11-10","RSI21_ONLY","RSI21 band only",,,"21","30","70",,"14","1.5","2","none","09:30","16:00",""
"E0087","US100Z25.sim","M30","5y","2020-11-10","2025-11-10","RSI21_ONLY","RSI21 band only",,,"21","30","70",,"14","2","2","none","09:30","16:00",""
"E0088","US100Z25.sim","M30","3y","2022-11-10","2025-11-10","RSI21_ONLY","RSI21 band only",,,"21","30","70",,"14","2","2","none","09:30","16:00",""
"E0089","US100Z25.sim","M30","5y","2020-11-10","2025-11-10","RSI21_ONLY","RSI21 band only",,,"21","30","70",,"14","1.5",,"atr1.0","09:30","16:00",""
"E0090","US100Z25.sim","M30","3y","2022-11-10","2025-11-10","RSI21_ONLY","RSI21 band only",,,"21","30","70",,"14","1.5",,"atr1.0","09:30","16:00",""
"E0091","US100Z25.sim","M30","5y","2020-11-10","2025-11-10","ADX_GATE_EMA50_RSI14","EMA50 + RSI14 + ADX>=22","20","50","14","30","70","22","14","1.5","2","none","09:30","16:00",""
"E0092","US100Z25.sim","M30","3y","2022-11-10","2025-11-10","ADX_GATE_EMA50_RSI14","EMA50 + RSI14 + ADX>=22","20","50","14","30","70","22","14","1.5","2","none","09:30","16:00",""
"E0093","US100Z25.sim","M30","5y","2020-11-10","2025-11-10","ADX_GATE_EMA50_RSI14","EMA50 + RSI14 + ADX>=22","20","50","14","30","70","22","14","2","2","none","09:30","16:00",""
"E0094","US100Z25.sim","M30","3y","2022-11-10","2025-11-10","ADX_GATE_EMA50_RSI14","EMA50 + RSI14 + ADX>=22","20","50","14","30","70","22","14","2","2","none","09:30","16:00",""
"E0095","US100Z25.sim","M30","5y","2020-11-10","2025-11-10","ADX_GATE_EMA50_RSI14","EMA50 + RSI14 + ADX>=22","20","50","14","30","70","22","14","1.5",,"atr1.0","09:30","16:00",""
"E0096","US100Z25.sim","M30","3y","2022-11-10","2025-11-10","ADX_GATE_EMA50_RSI14","EMA50 + RSI14 + ADX>=22","20","50","14","30","70","22","14","1.5",,"atr1.0","09:30","16:00",""
"E0097","US100Z25.sim","H1","5y","2020-11-10","2025-11-10","BASE_RSI14_EMA50","EMA50 trend + RSI14(30/70) gate","20","50","14","30","70",,"14","1.5","2","none","09:30","16:00",""
"E0098","US100Z25.sim","H1","3y","2022-11-10","2025-11-10","BASE_RSI14_EMA50","EMA50 trend + RSI14(30/70) gate","20","50","14","30","70",,"14","1.5","2","none","09:30","16:00",""
"E0099","US100Z25.sim","H1","5y","2020-11-10","2025-11-10","BASE_RSI14_EMA50","EMA50 trend + RSI14(30/70) gate","20","50","14","30","70",,"14","2","2","none","09:30","16:00",""
"E0100","US100Z25.sim","H1","3y","2022-11-10","2025-11-10","BASE_RSI14_EMA50","EMA50 trend + RSI14(30/70) gate","20","50","14","30","70",,"14","2","2","none","09:30","16:00",""
"E0101","US100Z25.sim","H1","5y","2020-11-10","2025-11-10","BASE_RSI14_EMA50","EMA50 trend + RSI14(30/70) gate","20","50","14","30","70",,"14","1.5",,"atr1.0","09:30","16:00",""
"E0102","US100Z25.sim","H1","3y","2022-11-10","2025-11-10","BASE_RSI14_EMA50","EMA50 trend + RSI14(30/70) gate","20","50","14","30","70",,"14","1.5",,"atr1.0","09:30","16:00",""
"E0103","US100Z25.sim","H1","5y","2020-11-10","2025-11-10","CROSS_EMA20_50_RSI14","EMA20/50 cross + RSI14(35/65)","20","50","14","35","65",,"14","1.5","2","none","09:30","16:00",""
"E0104","US100Z25.sim","H1","3y","2022-11-10","2025-11-10","CROSS_EMA20_50_RSI14","EMA20/50 cross + RSI14(35/65)","20","50","14","35","65",,"14","1.5","2","none","09:30","16:00",""
"E0105","US100Z25.sim","H1","5y","2020-11-10","2025-11-10","CROSS_EMA20_50_RSI14","EMA20/50 cross + RSI14(35/65)","20","50","14","35","65",,"14","2","2","none","09:30","16:00",""
"E0106","US100Z25.sim","H1","3y","2022-11-10","2025-11-10","CROSS_EMA20_50_RSI14","EMA20/50 cross + RSI14(35/65)","20","50","14","35","65",,"14","2","2","none","09:30","16:00",""
"E0107","US100Z25.sim","H1","5y","2020-11-10","2025-11-10","CROSS_EMA20_50_RSI14","EMA20/50 cross + RSI14(35/65)","20","50","14","35","65",,"14","1.5",,"atr1.0","09:30","16:00",""
"E0108","US100Z25.sim","H1","3y","2022-11-10","2025-11-10","CROSS_EMA20_50_RSI14","EMA20/50 cross + RSI14(35/65)","20","50","14","35","65",,"14","1.5",,"atr1.0","09:30","16:00",""
"E0109","US100Z25.sim","H1","5y","2020-11-10","2025-11-10","RSI21_ONLY","RSI21 band only",,,"21","30","70",,"14","1.5","2","none","09:30","16:00",""
"E0110","US100Z25.sim","H1","3y","2022-11-10","2025-11-10","RSI21_ONLY","RSI21 band only",,,"21","30","70",,"14","1.5","2","none","09:30","16:00",""
"E0111","US100Z25.sim","H1","5y","2020-11-10","2025-11-10","RSI21_ONLY","RSI21 band only",,,"21","30","70",,"14","2","2","none","09:30","16:00",""
"E0112","US100Z25.sim","H1","3y","2022-11-10","2025-11-10","RSI21_ONLY","RSI21 band only",,,"21","30","70",,"14","2","2","none","09:30","16:00",""
"E0113","US100Z25.sim","H1","5y","2020-11-10","2025-11-10","RSI21_ONLY","RSI21 band only",,,"21","30","70",,"14","1.5",,"atr1.0","09:30","16:00",""
"E0114","US100Z25.sim","H1","3y","2022-11-10","2025-11-10","RSI21_ONLY","RSI21 band only",,,"21","30","70",,"14","1.5",,"atr1.0","09:30","16:00",""
"E0115","US100Z25.sim","H1","5y","2020-11-10","2025-11-10","ADX_GATE_EMA50_RSI14","EMA50 + RSI14 + ADX>=22","20","50","14","30","70","22","14","1.5","2","none","09:30","16:00",""
"E0116","US100Z25.sim","H1","3y","2022-11-10","2025-11-10","ADX_GATE_EMA50_RSI14","EMA50 + RSI14 + ADX>=22","20","50","14","30","70","22","14","1.5","2","none","09:30","16:00",""
"E0117","US100Z25.sim","H1","5y","2020-11-10","2025-11-10","ADX_GATE_EMA50_RSI14","EMA50 + RSI14 + ADX>=22","20","50","14","30","70","22","14","2","2","none","09:30","16:00",""
"E0118","US100Z25.sim","H1","3y","2022-11-10","2025-11-10","ADX_GATE_EMA50_RSI14","EMA50 + RSI14 + ADX>=22","20","50","14","30","70","22","14","2","2","none","09:30","16:00",""
"E0119","US100Z25.sim","H1","5y","2020-11-10","2025-11-10","ADX_GATE_EMA50_RSI14","EMA50 + RSI14 + ADX>=22","20","50","14","30","70","22","14","1.5",,"atr1.0","09:30","16:00",""
"E0120","US100Z25.sim","H1","3y","2022-11-10","2025-11-10","ADX_GATE_EMA50_RSI14","EMA50 + RSI14 + ADX>=22","20","50","14","30","70","22","14","1.5",,"atr1.0","09:30","16:00",""
"E0121","US100Z25.sim","H4","5y","2020-11-10","2025-11-10","BASE_RSI14_EMA50","EMA50 trend + RSI14(30/70) gate","20","50","14","30","70",,"14","1.5","2","none","09:30","16:00",""
"E0122","US100Z25.sim","H4","3y","2022-11-10","2025-11-10","BASE_RSI14_EMA50","EMA50 trend + RSI14(30/70) gate","20","50","14","30","70",,"14","1.5","2","none","09:30","16:00",""
"E0123","US100Z25.sim","H4","5y","2020-11-10","2025-11-10","BASE_RSI14_EMA50","EMA50 trend + RSI14(30/70) gate","20","50","14","30","70",,"14","2","2","none","09:30","16:00",""
"E0124","US100Z25.sim","H4","3y","2022-11-10","2025-11-10","BASE_RSI14_EMA50","EMA50 trend + RSI14(30/70) gate","20","50","14","30","70",,"14","2","2","none","09:30","16:00",""
"E0125","US100Z25.sim","H4","5y","2020-11-10","2025-11-10","BASE_RSI14_EMA50","EMA50 trend + RSI14(30/70) gate","20","50","14","30","70",,"14","1.5",,"atr1.0","09:30","16:00",""
"E0126","US100Z25.sim","H4","3y","2022-11-10","2025-11-10","BASE_RSI14_EMA50","EMA50 trend + RSI14(30/70) gate","20","50","14","30","70",,"14","1.5",,"atr1.0","09:30","16:00",""
"E0127","US100Z25.sim","H4","5y","2020-11-10","2025-11-10","CROSS_EMA20_50_RSI14","EMA20/50 cross + RSI14(35/65)","20","50","14","35","65",,"14","1.5","2","none","09:30","16:00",""
"E0128","US100Z25.sim","H4","3y","2022-11-10","2025-11-10","CROSS_EMA20_50_RSI14","EMA20/50 cross + RSI14(35/65)","20","50","14","35","65",,"14","1.5","2","none","09:30","16:00",""
"E0129","US100Z25.sim","H4","5y","2020-11-10","2025-11-10","CROSS_EMA20_50_RSI14","EMA20/50 cross + RSI14(35/65)","20","50","14","35","65",,"14","2","2","none","09:30","16:00",""
"E0130","US100Z25.sim","H4","3y","2022-11-10","2025-11-10","CROSS_EMA20_50_RSI14","EMA20/50 cross + RSI14(35/65)","20","50","14","35","65",,"14","2","2","none","09:30","16:00",""
"E0131","US100Z25.sim","H4","5y","2020-11-10","2025-11-10","CROSS_EMA20_50_RSI14","EMA20/50 cross + RSI14(35/65)","20","50","14","35","65",,"14","1.5",,"atr1.0","09:30","16:00",""
"E0132","US100Z25.sim","H4","3y","2022-11-10","2025-11-10","CROSS_EMA20_50_RSI14","EMA20/50 cross + RSI14(35/65)","20","50","14","35","65",,"14","1.5",,"atr1.0","09:30","16:00",""
"E0133","US100Z25.sim","H4","5y","2020-11-10","2025-11-10","RSI21_ONLY","RSI21 band only",,,"21","30","70",,"14","1.5","2","none","09:30","16:00",""
"E0134","US100Z25.sim","H4","3y","2022-11-10","2025-11-10","RSI21_ONLY","RSI21 band only",,,"21","30","70",,"14","1.5","2","none","09:30","16:00",""
"E0135","US100Z25.sim","H4","5y","2020-11-10","2025-11-10","RSI21_ONLY","RSI21 band only",,,"21","30","70",,"14","2","2","none","09:30","16:00",""
"E0136","US100Z25.sim","H4","3y","2022-11-10","2025-11-10","RSI21_ONLY","RSI21 band only",,,"21","30","70",,"14","2","2","none","09:30","16:00",""
"E0137","US100Z25.sim","H4","5y","2020-11-10","2025-11-10","RSI21_ONLY","RSI21 band only",,,"21","30","70",,"14","1.5",,"atr1.0","09:30","16:00",""
"E0138","US100Z25.sim","H4","3y","2022-11-10","2025-11-10","RSI21_ONLY","RSI21 band only",,,"21","30","70",,"14","1.5",,"atr1.0","09:30","16:00",""
"E0139","US100Z25.sim","H4","5y","2020-11-10","2025-11-10","ADX_GATE_EMA50_RSI14","EMA50 + RSI14 + ADX>=22","20","50","14","30","70","22","14","1.5","2","none","09:30","16:00",""
"E0140","US100Z25.sim","H4","3y","2022-11-10","2025-11-10","ADX_GATE_EMA50_RSI14","EMA50 + RSI14 + ADX>=22","20","50","14","30","70","22","14","1.5","2","none","09:30","16:00",""
"E0141","US100Z25.sim","H4","5y","2020-11-10","2025-11-10","ADX_GATE_EMA50_RSI14","EMA50 + RSI14 + ADX>=22","20","50","14","30","70","22","14","2","2","none","09:30","16:00",""
"E0142","US100Z25.sim","H4","3y","2022-11-10","2025-11-10","ADX_GATE_EMA50_RSI14","EMA50 + RSI14 + ADX>=22","20","50","14","30","70","22","14","2","2","none","09:30","16:00",""
"E0143","US100Z25.sim","H4","5y","2020-11-10","2025-11-10","ADX_GATE_EMA50_RSI14","EMA50 + RSI14 + ADX>=22","20","50","14","30","70","22","14","1.5",,"atr1.0","09:30","16:00",""
"E0144","US100Z25.sim","H4","3y","2022-11-10","2025-11-10","ADX_GATE_EMA50_RSI14","EMA50 + RSI14 + ADX>=22","20","50","14","30","70","22","14","1.5",,"atr1.0","09:30","16:00",""
"E0145","US500Z25.sim","M30","5y","2020-11-10","2025-11-10","BASE_RSI14_EMA50","EMA50 trend + RSI14(30/70) gate","20","50","14","30","70",,"14","1.5","2","none","09:30","16:00",""
"E0146","US500Z25.sim","M30","3y","2022-11-10","2025-11-10","BASE_RSI14_EMA50","EMA50 trend + RSI14(30/70) gate","20","50","14","30","70",,"14","1.5","2","none","09:30","16:00",""
"E0147","US500Z25.sim","M30","5y","2020-11-10","2025-11-10","BASE_RSI14_EMA50","EMA50 trend + RSI14(30/70) gate","20","50","14","30","70",,"14","2","2","none","09:30","16:00",""
"E0148","US500Z25.sim","M30","3y","2022-11-10","2025-11-10","BASE_RSI14_EMA50","EMA50 trend + RSI14(30/70) gate","20","50","14","30","70",,"14","2","2","none","09:30","16:00",""
"E0149","US500Z25.sim","M30","5y","2020-11-10","2025-11-10","BASE_RSI14_EMA50","EMA50 trend + RSI14(30/70) gate","20","50","14","30","70",,"14","1.5",,"atr1.0","09:30","16:00",""
"E0150","US500Z25.sim","M30","3y","2022-11-10","2025-11-10","BASE_RSI14_EMA50","EMA50 trend + RSI14(30/70) gate","20","50","14","30","70",,"14","1.5",,"atr1.0","09:30","16:00",""
"E0151","US500Z25.sim","M30","5y","2020-11-10","2025-11-10","CROSS_EMA20_50_RSI14","EMA20/50 cross + RSI14(35/65)","20","50","14","35","65",,"14","1.5","2","none","09:30","16:00",""
"E0152","US500Z25.sim","M30","3y","2022-11-10","2025-11-10","CROSS_EMA20_50_RSI14","EMA20/50 cross + RSI14(35/65)","20","50","14","35","65",,"14","1.5","2","none","09:30","16:00",""
"E0153","US500Z25.sim","M30","5y","2020-11-10","2025-11-10","CROSS_EMA20_50_RSI14","EMA20/50 cross + RSI14(35/65)","20","50","14","35","65",,"14","2","2","none","09:30","16:00",""
"E0154","US500Z25.sim","M30","3y","2022-11-10","2025-11-10","CROSS_EMA20_50_RSI14","EMA20/50 cross + RSI14(35/65)","20","50","14","35","65",,"14","2","2","none","09:30","16:00",""
"E0155","US500Z25.sim","M30","5y","2020-11-10","2025-11-10","CROSS_EMA20_50_RSI14","EMA20/50 cross + RSI14(35/65)","20","50","14","35","65",,"14","1.5",,"atr1.0","09:30","16:00",""
"E0156","US500Z25.sim","M30","3y","2022-11-10","2025-11-10","CROSS_EMA20_50_RSI14","EMA20/50 cross + RSI14(35/65)","20","50","14","35","65",,"14","1.5",,"atr1.0","09:30","16:00",""
"E0157","US500Z25.sim","M30","5y","2020-11-10","2025-11-10","RSI21_ONLY","RSI21 band only",,,"21","30","70",,"14","1.5","2","none","09:30","16:00",""
"E0158","US500Z25.sim","M30","3y","2022-11-10","2025-11-10","RSI21_ONLY","RSI21 band only",,,"21","30","70",,"14","1.5","2","none","09:30","16:00",""
"E0159","US500Z25.sim","M30","5y","2020-11-10","2025-11-10","RSI21_ONLY","RSI21 band only",,,"21","30","70",,"14","2","2","none","09:30","16:00",""
"E0160","US500Z25.sim","M30","3y","2022-11-10","2025-11-10","RSI21_ONLY","RSI21 band only",,,"21","30","70",,"14","2","2","none","09:30","16:00",""
"E0161","US500Z25.sim","M30","5y","2020-11-10","2025-11-10","RSI21_ONLY","RSI21 band only",,,"21","30","70",,"14","1.5",,"atr1.0","09:30","16:00",""
"E0162","US500Z25.sim","M30","3y","2022-11-10","2025-11-10","RSI21_ONLY","RSI21 band only",,,"21","30","70",,"14","1.5",,"atr1.0","09:30","16:00",""
"E0163","US500Z25.sim","M30","5y","2020-11-10","2025-11-10","ADX_GATE_EMA50_RSI14","EMA50 + RSI14 + ADX>=22","20","50","14","30","70","22","14","1.5","2","none","09:30","16:00",""
"E0164","US500Z25.sim","M30","3y","2022-11-10","2025-11-10","ADX_GATE_EMA50_RSI14","EMA50 + RSI14 + ADX>=22","20","50","14","30","70","22","14","1.5","2","none","09:30","16:00",""
"E0165","US500Z25.sim","M30","5y","2020-11-10","2025-11-10","ADX_GATE_EMA50_RSI14","EMA50 + RSI14 + ADX>=22","20","50","14","30","70","22","14","2","2","none","09:30","16:00",""
"E0166","US500Z25.sim","M30","3y","2022-11-10","2025-11-10","ADX_GATE_EMA50_RSI14","EMA50 + RSI14 + ADX>=22","20","50","14","30","70","22","14","2","2","none","09:30","16:00",""
"E0167","US500Z25.sim","M30","5y","2020-11-10","2025-11-10","ADX_GATE_EMA50_RSI14","EMA50 + RSI14 + ADX>=22","20","50","14","30","70","22","14","1.5",,"atr1.0","09:30","16:00",""
"E0168","US500Z25.sim","M30","3y","2022-11-10","2025-11-10","ADX_GATE_EMA50_RSI14","EMA50 + RSI14 + ADX>=22","20","50","14","30","70","22","14","1.5",,"atr1.0","09:30","16:00",""
"E0169","US500Z25.sim","H1","5y","2020-11-10","2025-11-10","BASE_RSI14_EMA50","EMA50 trend + RSI14(30/70) gate","20","50","14","30","70",,"14","1.5","2","none","09:30","16:00",""
"E0170","US500Z25.sim","H1","3y","2022-11-10","2025-11-10","BASE_RSI14_EMA50","EMA50 trend + RSI14(30/70) gate","20","50","14","30","70",,"14","1.5","2","none","09:30","16:00",""
"E0171","US500Z25.sim","H1","5y","2020-11-10","2025-11-10","BASE_RSI14_EMA50","EMA50 trend + RSI14(30/70) gate","20","50","14","30","70",,"14","2","2","none","09:30","16:00",""
"E0172","US500Z25.sim","H1","3y","2022-11-10","2025-11-10","BASE_RSI14_EMA50","EMA50 trend + RSI14(30/70) gate","20","50","14","30","70",,"14","2","2","none","09:30","16:00",""
"E0173","US500Z25.sim","H1","5y","2020-11-10","2025-11-10","BASE_RSI14_EMA50","EMA50 trend + RSI14(30/70) gate","20","50","14","30","70",,"14","1.5",,"atr1.0","09:30","16:00",""
"E0174","US500Z25.sim","H1","3y","2022-11-10","2025-11-10","BASE_RSI14_EMA50","EMA50 trend + RSI14(30/70) gate","20","50","14","30","70",,"14","1.5",,"atr1.0","09:30","16:00",""
"E0175","US500Z25.sim","H1","5y","2020-11-10","2025-11-10","CROSS_EMA20_50_RSI14","EMA20/50 cross + RSI14(35/65)","20","50","14","35","65",,"14","1.5","2","none","09:30","16:00",""
"E0176","US500Z25.sim","H1","3y","2022-11-10","2025-11-10","CROSS_EMA20_50_RSI14","EMA20/50 cross + RSI14(35/65)","20","50","14","35","65",,"14","1.5","2","none","09:30","16:00",""
"E0177","US500Z25.sim","H1","5y","2020-11-10","2025-11-10","CROSS_EMA20_50_RSI14","EMA20/50 cross + RSI14(35/65)","20","50","14","35","65",,"14","2","2","none","09:30","16:00",""
"E0178","US500Z25.sim","H1","3y","2022-11-10","2025-11-10","CROSS_EMA20_50_RSI14","EMA20/50 cross + RSI14(35/65)","20","50","14","35","65",,"14","2","2","none","09:30","16:00",""
"E0179","US500Z25.sim","H1","5y","2020-11-10","2025-11-10","CROSS_EMA20_50_RSI14","EMA20/50 cross + RSI14(35/65)","20","50","14","35","65",,"14","1.5",,"atr1.0","09:30","16:00",""
"E0180","US500Z25.sim","H1","3y","2022-11-10","2025-11-10","CROSS_EMA20_50_RSI14","EMA20/50 cross + RSI14(35/65)","20","50","14","35","65",,"14","1.5",,"atr1.0","09:30","16:00",""
"E0181","US500Z25.sim","H1","5y","2020-11-10","2025-11-10","RSI21_ONLY","RSI21 band only",,,"21","30","70",,"14","1.5","2","none","09:30","16:00",""
"E0182","US500Z25.sim","H1","3y","2022-11-10","2025-11-10","RSI21_ONLY","RSI21 band only",,,"21","30","70",,"14","1.5","2","none","09:30","16:00",""
"E0183","US500Z25.sim","H1","5y","2020-11-10","2025-11-10","RSI21_ONLY","RSI21 band only",,,"21","30","70",,"14","2","2","none","09:30","16:00",""
"E0184","US500Z25.sim","H1","3y","2022-11-10","2025-11-10","RSI21_ONLY","RSI21 band only",,,"21","30","70",,"14","2","2","none","09:30","16:00",""
"E0185","US500Z25.sim","H1","5y","2020-11-10","2025-11-10","RSI21_ONLY","RSI21 band only",,,"21","30","70",,"14","1.5",,"atr1.0","09:30","16:00",""
"E0186","US500Z25.sim","H1","3y","2022-11-10","2025-11-10","RSI21_ONLY","RSI21 band only",,,"21","30","70",,"14","1.5",,"atr1.0","09:30","16:00",""
"E0187","US500Z25.sim","H1","5y","2020-11-10","2025-11-10","ADX_GATE_EMA50_RSI14","EMA50 + RSI14 + ADX>=22","20","50","14","30","70","22","14","1.5","2","none","09:30","16:00",""
"E0188","US500Z25.sim","H1","3y","2022-11-10","2025-11-10","ADX_GATE_EMA50_RSI14","EMA50 + RSI14 + ADX>=22","20","50","14","30","70","22","14","1.5","2","none","09:30","16:00",""
"E0189","US500Z25.sim","H1","5y","2020-11-10","2025-11-10","ADX_GATE_EMA50_RSI14","EMA50 + RSI14 + ADX>=22","20","50","14","30","70","22","14","2","2","none","09:30","16:00",""
"E0190","US500Z25.sim","H1","3y","2022-11-10","2025-11-10","ADX_GATE_EMA50_RSI14","EMA50 + RSI14 + ADX>=22","20","50","14","30","70","22","14","2","2","none","09:30","16:00",""
"E0191","US500Z25.sim","H1","5y","2020-11-10","2025-11-10","ADX_GATE_EMA50_RSI14","EMA50 + RSI14 + ADX>=22","20","50","14","30","70","22","14","1.5",,"atr1.0","09:30","16:00",""
"E0192","US500Z25.sim","H1","3y","2022-11-10","2025-11-10","ADX_GATE_EMA50_RSI14","EMA50 + RSI14 + ADX>=22","20","50","14","30","70","22","14","1.5",,"atr1.0","09:30","16:00",""
"E0193","US500Z25.sim","H4","5y","2020-11-10","2025-11-10","BASE_RSI14_EMA50","EMA50 trend + RSI14(30/70) gate","20","50","14","30","70",,"14","1.5","2","none","09:30","16:00",""
"E0194","US500Z25.sim","H4","3y","2022-11-10","2025-11-10","BASE_RSI14_EMA50","EMA50 trend + RSI14(30/70) gate","20","50","14","30","70",,"14","1.5","2","none","09:30","16:00",""
"E0195","US500Z25.sim","H4","5y","2020-11-10","2025-11-10","BASE_RSI14_EMA50","EMA50 trend + RSI14(30/70) gate","20","50","14","30","70",,"14","2","2","none","09:30","16:00",""
"E0196","US500Z25.sim","H4","3y","2022-11-10","2025-11-10","BASE_RSI14_EMA50","EMA50 trend + RSI14(30/70) gate","20","50","14","30","70",,"14","2","2","none","09:30","16:00",""
"E0197","US500Z25.sim","H4","5y","2020-11-10","2025-11-10","BASE_RSI14_EMA50","EMA50 trend + RSI14(30/70) gate","20","50","14","30","70",,"14","1.5",,"atr1.0","09:30","16:00",""
"E0198","US500Z25.sim","H4","3y","2022-11-10","2025-11-10","BASE_RSI14_EMA50","EMA50 trend + RSI14(30/70) gate","20","50","14","30","70",,"14","1.5",,"atr1.0","09:30","16:00",""
"E0199","US500Z25.sim","H4","5y","2020-11-10","2025-11-10","CROSS_EMA20_50_RSI14","EMA20/50 cross + RSI14(35/65)","20","50","14","35","65",,"14","1.5","2","none","09:30","16:00",""
"E0200","US500Z25.sim","H4","3y","2022-11-10","2025-11-10","CROSS_EMA20_50_RSI14","EMA20/50 cross + RSI14(35/65)","20","50","14","35","65",,"14","1.5","2","none","09:30","16:00",""
"E0201","US500Z25.sim","H4","5y","2020-11-10","2025-11-10","CROSS_EMA20_50_RSI14","EMA20/50 cross + RSI14(35/65)","20","50","14","35","65",,"14","2","2","none","09:30","16:00",""
"E0202","US500Z25.sim","H4","3y","2022-11-10","2025-11-10","CROSS_EMA20_50_RSI14","EMA20/50 cross + RSI14(35/65)","20","50","14","35","65",,"14","2","2","none","09:30","16:00",""
"E0203","US500Z25.sim","H4","5y","2020-11-10","2025-11-10","CROSS_EMA20_50_RSI14","EMA20/50 cross + RSI14(35/65)","20","50","14","35","65",,"14","1.5",,"atr1.0","09:30","16:00",""
"E0204","US500Z25.sim","H4","3y","2022-11-10","2025-11-10","CROSS_EMA20_50_RSI14","EMA20/50 cross + RSI14(35/65)","20","50","14","35","65",,"14","1.5",,"atr1.0","09:30","16:00",""
"E0205","US500Z25.sim","H4","5y","2020-11-10","2025-11-10","RSI21_ONLY","RSI21 band only",,,"21","30","70",,"14","1.5","2","none","09:30","16:00",""
"E0206","US500Z25.sim","H4","3y","2022-11-10","2025-11-10","RSI21_ONLY","RSI21 band only",,,"21","30","70",,"14","1.5","2","none","09:30","16:00",""
"E0207","US500Z25.sim","H4","5y","2020-11-10","2025-11-10","RSI21_ONLY","RSI21 band only",,,"21","30","70",,"14","2","2","none","09:30","16:00",""
"E0208","US500Z25.sim","H4","3y","2022-11-10","2025-11-10","RSI21_ONLY","RSI21 band only",,,"21","30","70",,"14","2","2","none","09:30","16:00",""
"E0209","US500Z25.sim","H4","5y","2020-11-10","2025-11-10","RSI21_ONLY","RSI21 band only",,,"21","30","70",,"14","1.5",,"atr1.0","09:30","16:00",""
"E0210","US500Z25.sim","H4","3y","2022-11-10","2025-11-10","RSI21_ONLY","RSI21 band only",,,"21","30","70",,"14","1.5",,"atr1.0","09:30","16:00",""
"E0211","US500Z25.sim","H4","5y","2020-11-10","2025-11-10","ADX_GATE_EMA50_RSI14","EMA50 + RSI14 + ADX>=22","20","50","14","30","70","22","14","1.5","2","none","09:30","16:00",""
"E0212","US500Z25.sim","H4","3y","2022-11-10","2025-11-10","ADX_GATE_EMA50_RSI14","EMA50 + RSI14 + ADX>=22","20","50","14","30","70","22","14","1.5","2","none","09:30","16:00",""
"E0213","US500Z25.sim","H4","5y","2020-11-10","2025-11-10","ADX_GATE_EMA50_RSI14","EMA50 + RSI14 + ADX>=22","20","50","14","30","70","22","14","2","2","none","09:30","16:00",""
"E0214","US500Z25.sim","H4","3y","2022-11-10","2025-11-10","ADX_GATE_EMA50_RSI14","EMA50 + RSI14 + ADX>=22","20","50","14","30","70","22","14","2","2","none","09:30","16:00",""
"E0215","US500Z25.sim","H4","5y","2020-11-10","2025-11-10","ADX_GATE_EMA50_RSI14","EMA50 + RSI14 + ADX>=22","20","50","14","30","70","22","14","1.5",,"atr1.0","09:30","16:00",""
"E0216","US500Z25.sim","H4","3y","2022-11-10","2025-11-10","ADX_GATE_EMA50_RSI14","EMA50 + RSI14 + ADX>=22","20","50","14","30","70","22","14","1.5",,"atr1.0","09:30","16:00",""
"E0217","XAUZ25.sim","M30","5y","2020-11-10","2025-11-10","BASE_RSI14_EMA50","EMA50 trend + RSI14(30/70) gate","20","50","14","30","70",,"14","1.5","2","none","09:30","16:00",""
"E0218","XAUZ25.sim","M30","3y","2022-11-10","2025-11-10","BASE_RSI14_EMA50","EMA50 trend + RSI14(30/70) gate","20","50","14","30","70",,"14","1.5","2","none","09:30","16:00",""
"E0219","XAUZ25.sim","M30","5y","2020-11-10","2025-11-10","BASE_RSI14_EMA50","EMA50 trend + RSI14(30/70) gate","20","50","14","30","70",,"14","2","2","none","09:30","16:00",""
"E0220","XAUZ25.sim","M30","3y","2022-11-10","2025-11-10","BASE_RSI14_EMA50","EMA50 trend + RSI14(30/70) gate","20","50","14","30","70",,"14","2","2","none","09:30","16:00",""
"E0221","XAUZ25.sim","M30","5y","2020-11-10","2025-11-10","BASE_RSI14_EMA50","EMA50 trend + RSI14(30/70) gate","20","50","14","30","70",,"14","1.5",,"atr1.0","09:30","16:00",""
"E0222","XAUZ25.sim","M30","3y","2022-11-10","2025-11-10","BASE_RSI14_EMA50","EMA50 trend + RSI14(30/70) gate","20","50","14","30","70",,"14","1.5",,"atr1.0","09:30","16:00",""
"E0223","XAUZ25.sim","M30","5y","2020-11-10","2025-11-10","CROSS_EMA20_50_RSI14","EMA20/50 cross + RSI14(35/65)","20","50","14","35","65",,"14","1.5","2","none","09:30","16:00",""
"E0224","XAUZ25.sim","M30","3y","2022-11-10","2025-11-10","CROSS_EMA20_50_RSI14","EMA20/50 cross + RSI14(35/65)","20","50","14","35","65",,"14","1.5","2","none","09:30","16:00",""
"E0225","XAUZ25.sim","M30","5y","2020-11-10","2025-11-10","CROSS_EMA20_50_RSI14","EMA20/50 cross + RSI14(35/65)","20","50","14","35","65",,"14","2","2","none","09:30","16:00",""
"E0226","XAUZ25.sim","M30","3y","2022-11-10","2025-11-10","CROSS_EMA20_50_RSI14","EMA20/50 cross + RSI14(35/65)","20","50","14","35","65",,"14","2","2","none","09:30","16:00",""
"E0227","XAUZ25.sim","M30","5y","2020-11-10","2025-11-10","CROSS_EMA20_50_RSI14","EMA20/50 cross + RSI14(35/65)","20","50","14","35","65",,"14","1.5",,"atr1.0","09:30","16:00",""
"E0228","XAUZ25.sim","M30","3y","2022-11-10","2025-11-10","CROSS_EMA20_50_RSI14","EMA20/50 cross + RSI14(35/65)","20","50","14","35","65",,"14","1.5",,"atr1.0","09:30","16:00",""
"E0229","XAUZ25.sim","M30","5y","2020-11-10","2025-11-10","RSI21_ONLY","RSI21 band only",,,"21","30","70",,"14","1.5","2","none","09:30","16:00",""
"E0230","XAUZ25.sim","M30","3y","2022-11-10","2025-11-10","RSI21_ONLY","RSI21 band only",,,"21","30","70",,"14","1.5","2","none","09:30","16:00",""
"E0231","XAUZ25.sim","M30","5y","2020-11-10","2025-11-10","RSI21_ONLY","RSI21 band only",,,"21","30","70",,"14","2","2","none","09:30","16:00",""
"E0232","XAUZ25.sim","M30","3y","2022-11-10","2025-11-10","RSI21_ONLY","RSI21 band only",,,"21","30","70",,"14","2","2","none","09:30","16:00",""
"E0233","XAUZ25.sim","M30","5y","2020-11-10","2025-11-10","RSI21_ONLY","RSI21 band only",,,"21","30","70",,"14","1.5",,"atr1.0","09:30","16:00",""
"E0234","XAUZ25.sim","M30","3y","2022-11-10","2025-11-10","RSI21_ONLY","RSI21 band only",,,"21","30","70",,"14","1.5",,"atr1.0","09:30","16:00",""
"E0235","XAUZ25.sim","M30","5y","2020-11-10","2025-11-10","ADX_GATE_EMA50_RSI14","EMA50 + RSI14 + ADX>=22","20","50","14","30","70","22","14","1.5","2","none","09:30","16:00",""
"E0236","XAUZ25.sim","M30","3y","2022-11-10","2025-11-10","ADX_GATE_EMA50_RSI14","EMA50 + RSI14 + ADX>=22","20","50","14","30","70","22","14","1.5","2","none","09:30","16:00",""
"E0237","XAUZ25.sim","M30","5y","2020-11-10","2025-11-10","ADX_GATE_EMA50_RSI14","EMA50 + RSI14 + ADX>=22","20","50","14","30","70","22","14","2","2","none","09:30","16:00",""
"E0238","XAUZ25.sim","M30","3y","2022-11-10","2025-11-10","ADX_GATE_EMA50_RSI14","EMA50 + RSI14 + ADX>=22","20","50","14","30","70","22","14","2","2","none","09:30","16:00",""
"E0239","XAUZ25.sim","M30","5y","2020-11-10","2025-11-10","ADX_GATE_EMA50_RSI14","EMA50 + RSI14 + ADX>=22","20","50","14","30","70","22","14","1.5",,"atr1.0","09:30","16:00",""
"E0240","XAUZ25.sim","M30","3y","2022-11-10","2025-11-10","ADX_GATE_EMA50_RSI14","EMA50 + RSI14 + ADX>=22","20","50","14","30","70","22","14","1.5",,"atr1.0","09:30","16:00",""
"E0241","XAUZ25.sim","H1","5y","2020-11-10","2025-11-10","BASE_RSI14_EMA50","EMA50 trend + RSI14(30/70) gate","20","50","14","30","70",,"14","1.5","2","none","09:30","16:00",""
"E0242","XAUZ25.sim","H1","3y","2022-11-10","2025-11-10","BASE_RSI14_EMA50","EMA50 trend + RSI14(30/70) gate","20","50","14","30","70",,"14","1.5","2","none","09:30","16:00",""
"E0243","XAUZ25.sim","H1","5y","2020-11-10","2025-11-10","BASE_RSI14_EMA50","EMA50 trend + RSI14(30/70) gate","20","50","14","30","70",,"14","2","2","none","09:30","16:00",""
"E0244","XAUZ25.sim","H1","3y","2022-11-10","2025-11-10","BASE_RSI14_EMA50","EMA50 trend + RSI14(30/70) gate","20","50","14","30","70",,"14","2","2","none","09:30","16:00",""
"E0245","XAUZ25.sim","H1","5y","2020-11-10","2025-11-10","BASE_RSI14_EMA50","EMA50 trend + RSI14(30/70) gate","20","50","14","30","70",,"14","1.5",,"atr1.0","09:30","16:00",""
"E0246","XAUZ25.sim","H1","3y","2022-11-10","2025-11-10","BASE_RSI14_EMA50","EMA50 trend + RSI14(30/70) gate","20","50","14","30","70",,"14","1.5",,"atr1.0","09:30","16:00",""
"E0247","XAUZ25.sim","H1","5y","2020-11-10","2025-11-10","CROSS_EMA20_50_RSI14","EMA20/50 cross + RSI14(35/65)","20","50","14","35","65",,"14","1.5","2","none","09:30","16:00",""
"E0248","XAUZ25.sim","H1","3y","2022-11-10","2025-11-10","CROSS_EMA20_50_RSI14","EMA20/50 cross + RSI14(35/65)","20","50","14","35","65",,"14","1.5","2","none","09:30","16:00",""
"E0249","XAUZ25.sim","H1","5y","2020-11-10","2025-11-10","CROSS_EMA20_50_RSI14","EMA20/50 cross + RSI14(35/65)","20","50","14","35","65",,"14","2","2","none","09:30","16:00",""
"E0250","XAUZ25.sim","H1","3y","2022-11-10","2025-11-10","CROSS_EMA20_50_RSI14","EMA20/50 cross + RSI14(35/65)","20","50","14","35","65",,"14","2","2","none","09:30","16:00",""
"E0251","XAUZ25.sim","H1","5y","2020-11-10","2025-11-10","CROSS_EMA20_50_RSI14","EMA20/50 cross + RSI14(35/65)","20","50","14","35","65",,"14","1.5",,"atr1.0","09:30","16:00",""
"E0252","XAUZ25.sim","H1","3y","2022-11-10","2025-11-10","CROSS_EMA20_50_RSI14","EMA20/50 cross + RSI14(35/65)","20","50","14","35","65",,"14","1.5",,"atr1.0","09:30","16:00",""
"E0253","XAUZ25.sim","H1","5y","2020-11-10","2025-11-10","RSI21_ONLY","RSI21 band only",,,"21","30","70",,"14","1.5","2","none","09:30","16:00",""
"E0254","XAUZ25.sim","H1","3y","2022-11-10","2025-11-10","RSI21_ONLY","RSI21 band only",,,"21","30","70",,"14","1.5","2","none","09:30","16:00",""
"E0255","XAUZ25.sim","H1","5y","2020-11-10","2025-11-10","RSI21_ONLY","RSI21 band only",,,"21","30","70",,"14","2","2","none","09:30","16:00",""
"E0256","XAUZ25.sim","H1","3y","2022-11-10","2025-11-10","RSI21_ONLY","RSI21 band only",,,"21","30","70",,"14","2","2","none","09:30","16:00",""
"E0257","XAUZ25.sim","H1","5y","2020-11-10","2025-11-10","RSI21_ONLY","RSI21 band only",,,"21","30","70",,"14","1.5",,"atr1.0","09:30","16:00",""
"E0258","XAUZ25.sim","H1","3y","2022-11-10","2025-11-10","RSI21_ONLY","RSI21 band only",,,"21","30","70",,"14","1.5",,"atr1.0","09:30","16:00",""
"E0259","XAUZ25.sim","H1","5y","2020-11-10","2025-11-10","ADX_GATE_EMA50_RSI14","EMA50 + RSI14 + ADX>=22","20","50","14","30","70","22","14","1.5","2","none","09:30","16:00",""
"E0260","XAUZ25.sim","H1","3y","2022-11-10","2025-11-10","ADX_GATE_EMA50_RSI14","EMA50 + RSI14 + ADX>=22","20","50","14","30","70","22","14","1.5","2","none","09:30","16:00",""
"E0261","XAUZ25.sim","H1","5y","2020-11-10","2025-11-10","ADX_GATE_EMA50_RSI14","EMA50 + RSI14 + ADX>=22","20","50","14","30","70","22","14","2","2","none","09:30","16:00",""
"E0262","XAUZ25.sim","H1","3y","2022-11-10","2025-11-10","ADX_GATE_EMA50_RSI14","EMA50 + RSI14 + ADX>=22","20","50","14","30","70","22","14","2","2","none","09:30","16:00",""
"E0263","XAUZ25.sim","H1","5y","2020-11-10","2025-11-10","ADX_GATE_EMA50_RSI14","EMA50 + RSI14 + ADX>=22","20","50","14","30","70","22","14","1.5",,"atr1.0","09:30","16:00",""
"E0264","XAUZ25.sim","H1","3y","2022-11-10","2025-11-10","ADX_GATE_EMA50_RSI14","EMA50 + RSI14 + ADX>=22","20","50","14","30","70","22","14","1.5",,"atr1.0","09:30","16:00",""
"E0265","XAUZ25.sim","H4","5y","2020-11-10","2025-11-10","BASE_RSI14_EMA50","EMA50 trend + RSI14(30/70) gate","20","50","14","30","70",,"14","1.5","2","none","09:30","16:00",""
"E0266","XAUZ25.sim","H4","3y","2022-11-10","2025-11-10","BASE_RSI14_EMA50","EMA50 trend + RSI14(30/70) gate","20","50","14","30","70",,"14","1.5","2","none","09:30","16:00",""
"E0267","XAUZ25.sim","H4","5y","2020-11-10","2025-11-10","BASE_RSI14_EMA50","EMA50 trend + RSI14(30/70) gate","20","50","14","30","70",,"14","2","2","none","09:30","16:00",""
"E0268","XAUZ25.sim","H4","3y","2022-11-10","2025-11-10","BASE_RSI14_EMA50","EMA50 trend + RSI14(30/70) gate","20","50","14","30","70",,"14","2","2","none","09:30","16:00",""
"E0269","XAUZ25.sim","H4","5y","2020-11-10","2025-11-10","BASE_RSI14_EMA50","EMA50 trend + RSI14(30/70) gate","20","50","14","30","70",,"14","1.5",,"atr1.0","09:30","16:00",""
"E0270","XAUZ25.sim","H4","3y","2022-11-10","2025-11-10","BASE_RSI14_EMA50","EMA50 trend + RSI14(30/70) gate","20","50","14","30","70",,"14","1.5",,"atr1.0","09:30","16:00",""
"E0271","XAUZ25.sim","H4","5y","2020-11-10","2025-11-10","CROSS_EMA20_50_RSI14","EMA20/50 cross + RSI14(35/65)","20","50","14","35","65",,"14","1.5","2","none","09:30","16:00",""
"E0272","XAUZ25.sim","H4","3y","2022-11-10","2025-11-10","CROSS_EMA20_50_RSI14","EMA20/50 cross + RSI14(35/65)","20","50","14","35","65",,"14","1.5","2","none","09:30","16:00",""
"E0273","XAUZ25.sim","H4","5y","2020-11-10","2025-11-10","CROSS_EMA20_50_RSI14","EMA20/50 cross + RSI14(35/65)","20","50","14","35","65",,"14","2","2","none","09:30","16:00",""
"E0274","XAUZ25.sim","H4","3y","2022-11-10","2025-11-10","CROSS_EMA20_50_RSI14","EMA20/50 cross + RSI14(35/65)","20","50","14","35","65",,"14","2","2","none","09:30","16:00",""
"E0275","XAUZ25.sim","H4","5y","2020-11-10","2025-11-10","CROSS_EMA20_50_RSI14","EMA20/50 cross + RSI14(35/65)","20","50","14","35","65",,"14","1.5",,"atr1.0","09:30","16:00",""
"E0276","XAUZ25.sim","H4","3y","2022-11-10","2025-11-10","CROSS_EMA20_50_RSI14","EMA20/50 cross + RSI14(35/65)","20","50","14","35","65",,"14","1.5",,"atr1.0","09:30","16:00",""
"E0277","XAUZ25.sim","H4","5y","2020-11-10","2025-11-10","RSI21_ONLY","RSI21 band only",,,"21","30","70",,"14","1.5","2","none","09:30","16:00",""
"E0278","XAUZ25.sim","H4","3y","2022-11-10","2025-11-10","RSI21_ONLY","RSI21 band only",,,"21","30","70",,"14","1.5","2","none","09:30","16:00",""
"E0279","XAUZ25.sim","H4","5y","2020-11-10","2025-11-10","RSI21_ONLY","RSI21 band only",,,"21","30","70",,"14","2","2","none","09:30","16:00",""
"E0280","XAUZ25.sim","H4","3y","2022-11-10","2025-11-10","RSI21_ONLY","RSI21 band only",,,"21","30","70",,"14","2","2","none","09:30","16:00",""
"E0281","XAUZ25.sim","H4","5y","2020-11-10","2025-11-10","RSI21_ONLY","RSI21 band only",,,"21","30","70",,"14","1.5",,"atr1.0","09:30","16:00",""
"E0282","XAUZ25.sim","H4","3y","2022-11-10","2025-11-10","RSI21_ONLY","RSI21 band only",,,"21","30","70",,"14","1.5",,"atr1.0","09:30","16:00",""
"E0283","XAUZ25.sim","H4","5y","2020-11-10","2025-11-10","ADX_GATE_EMA50_RSI14","EMA50 + RSI14 + ADX>=22","20","50","14","30","70","22","14","1.5","2","none","09:30","16:00",""
"E0284","XAUZ25.sim","H4","3y","2022-11-10","2025-11-10","ADX_GATE_EMA50_RSI14","EMA50 + RSI14 + ADX>=22","20","50","14","30","70","22","14","1.5","2","none","09:30","16:00",""
"E0285","XAUZ25.sim","H4","5y","2020-11-10","2025-11-10","ADX_GATE_EMA50_RSI14","EMA50 + RSI14 + ADX>=22","20","50","14","30","70","22","14","2","2","none","09:30","16:00",""
"E0286","XAUZ25.sim","H4","3y","2022-11-10","2025-11-10","ADX_GATE_EMA50_RSI14","EMA50 + RSI14 + ADX>=22","20","50","14","30","70","22","14","2","2","none","09:30","16:00",""
"E0287","XAUZ25.sim","H4","5y","2020-11-10","2025-11-10","ADX_GATE_EMA50_RSI14","EMA50 + RSI14 + ADX>=22","20","50","14","30","70","22","14","1.5",,"atr1.0","09:30","16:00",""
"E0288","XAUZ25.sim","H4","3y","2022-11-10","2025-11-10","ADX_GATE_EMA50_RSI14","EMA50 + RSI14 + ADX>=22","20","50","14","30","70","22","14","1.5",,"atr1.0","09:30","16:00",""
"E0289","BTCX25.sim","M30","5y","2020-11-10","2025-11-10","BASE_RSI14_EMA50","EMA50 trend + RSI14(30/70) gate","20","50","14","30","70",,"14","1.5","2","none","09:30","16:00",""
"E0290","BTCX25.sim","M30","3y","2022-11-10","2025-11-10","BASE_RSI14_EMA50","EMA50 trend + RSI14(30/70) gate","20","50","14","30","70",,"14","1.5","2","none","09:30","16:00",""
"E0291","BTCX25.sim","M30","5y","2020-11-10","2025-11-10","BASE_RSI14_EMA50","EMA50 trend + RSI14(30/70) gate","20","50","14","30","70",,"14","2","2","none","09:30","16:00",""
"E0292","BTCX25.sim","M30","3y","2022-11-10","2025-11-10","BASE_RSI14_EMA50","EMA50 trend + RSI14(30/70) gate","20","50","14","30","70",,"14","2","2","none","09:30","16:00",""
"E0293","BTCX25.sim","M30","5y","2020-11-10","2025-11-10","BASE_RSI14_EMA50","EMA50 trend + RSI14(30/70) gate","20","50","14","30","70",,"14","1.5",,"atr1.0","09:30","16:00",""
"E0294","BTCX25.sim","M30","3y","2022-11-10","2025-11-10","BASE_RSI14_EMA50","EMA50 trend + RSI14(30/70) gate","20","50","14","30","70",,"14","1.5",,"atr1.0","09:30","16:00",""
"E0295","BTCX25.sim","M30","5y","2020-11-10","2025-11-10","CROSS_EMA20_50_RSI14","EMA20/50 cross + RSI14(35/65)","20","50","14","35","65",,"14","1.5","2","none","09:30","16:00",""
"E0296","BTCX25.sim","M30","3y","2022-11-10","2025-11-10","CROSS_EMA20_50_RSI14","EMA20/50 cross + RSI14(35/65)","20","50","14","35","65",,"14","1.5","2","none","09:30","16:00",""
"E0297","BTCX25.sim","M30","5y","2020-11-10","2025-11-10","CROSS_EMA20_50_RSI14","EMA20/50 cross + RSI14(35/65)","20","50","14","35","65",,"14","2","2","none","09:30","16:00",""
"E0298","BTCX25.sim","M30","3y","2022-11-10","2025-11-10","CROSS_EMA20_50_RSI14","EMA20/50 cross + RSI14(35/65)","20","50","14","35","65",,"14","2","2","none","09:30","16:00",""
"E0299","BTCX25.sim","M30","5y","2020-11-10","2025-11-10","CROSS_EMA20_50_RSI14","EMA20/50 cross + RSI14(35/65)","20","50","14","35","65",,"14","1.5",,"atr1.0","09:30","16:00",""
"E0300","BTCX25.sim","M30","3y","2022-11-10","2025-11-10","CROSS_EMA20_50_RSI14","EMA20/50 cross + RSI14(35/65)","20","50","14","35","65",,"14","1.5",,"atr1.0","09:30","16:00",""
"E0301","BTCX25.sim","M30","5y","2020-11-10","2025-11-10","RSI21_ONLY","RSI21 band only",,,"21","30","70",,"14","1.5","2","none","09:30","16:00",""
"E0302","BTCX25.sim","M30","3y","2022-11-10","2025-11-10","RSI21_ONLY","RSI21 band only",,,"21","30","70",,"14","1.5","2","none","09:30","16:00",""
"E0303","BTCX25.sim","M30","5y","2020-11-10","2025-11-10","RSI21_ONLY","RSI21 band only",,,"21","30","70",,"14","2","2","none","09:30","16:00",""
"E0304","BTCX25.sim","M30","3y","2022-11-10","2025-11-10","RSI21_ONLY","RSI21 band only",,,"21","30","70",,"14","2","2","none","09:30","16:00",""
"E0305","BTCX25.sim","M30","5y","2020-11-10","2025-11-10","RSI21_ONLY","RSI21 band only",,,"21","30","70",,"14","1.5",,"atr1.0","09:30","16:00",""
"E0306","BTCX25.sim","M30","3y","2022-11-10","2025-11-10","RSI21_ONLY","RSI21 band only",,,"21","30","70",,"14","1.5",,"atr1.0","09:30","16:00",""
"E0307","BTCX25.sim","M30","5y","2020-11-10","2025-11-10","ADX_GATE_EMA50_RSI14","EMA50 + RSI14 + ADX>=22","20","50","14","30","70","22","14","1.5","2","none","09:30","16:00",""
"E0308","BTCX25.sim","M30","3y","2022-11-10","2025-11-10","ADX_GATE_EMA50_RSI14","EMA50 + RSI14 + ADX>=22","20","50","14","30","70","22","14","1.5","2","none","09:30","16:00",""
"E0309","BTCX25.sim","M30","5y","2020-11-10","2025-11-10","ADX_GATE_EMA50_RSI14","EMA50 + RSI14 + ADX>=22","20","50","14","30","70","22","14","2","2","none","09:30","16:00",""
"E0310","BTCX25.sim","M30","3y","2022-11-10","2025-11-10","ADX_GATE_EMA50_RSI14","EMA50 + RSI14 + ADX>=22","20","50","14","30","70","22","14","2","2","none","09:30","16:00",""
"E0311","BTCX25.sim","M30","5y","2020-11-10","2025-11-10","ADX_GATE_EMA50_RSI14","EMA50 + RSI14 + ADX>=22","20","50","14","30","70","22","14","1.5",,"atr1.0","09:30","16:00",""
"E0312","BTCX25.sim","M30","3y","2022-11-10","2025-11-10","ADX_GATE_EMA50_RSI14","EMA50 + RSI14 + ADX>=22","20","50","14","30","70","22","14","1.5",,"atr1.0","09:30","16:00",""
"E0313","BTCX25.sim","H1","5y","2020-11-10","2025-11-10","BASE_RSI14_EMA50","EMA50 trend + RSI14(30/70) gate","20","50","14","30","70",,"14","1.5","2","none","09:30","16:00",""
"E0314","BTCX25.sim","H1","3y","2022-11-10","2025-11-10","BASE_RSI14_EMA50","EMA50 trend + RSI14(30/70) gate","20","50","14","30","70",,"14","1.5","2","none","09:30","16:00",""
"E0315","BTCX25.sim","H1","5y","2020-11-10","2025-11-10","BASE_RSI14_EMA50","EMA50 trend + RSI14(30/70) gate","20","50","14","30","70",,"14","2","2","none","09:30","16:00",""
"E0316","BTCX25.sim","H1","3y","2022-11-10","2025-11-10","BASE_RSI14_EMA50","EMA50 trend + RSI14(30/70) gate","20","50","14","30","70",,"14","2","2","none","09:30","16:00",""
"E0317","BTCX25.sim","H1","5y","2020-11-10","2025-11-10","BASE_RSI14_EMA50","EMA50 trend + RSI14(30/70) gate","20","50","14","30","70",,"14","1.5",,"atr1.0","09:30","16:00",""
"E0318","BTCX25.sim","H1","3y","2022-11-10","2025-11-10","BASE_RSI14_EMA50","EMA50 trend + RSI14(30/70) gate","20","50","14","30","70",,"14","1.5",,"atr1.0","09:30","16:00",""
"E0319","BTCX25.sim","H1","5y","2020-11-10","2025-11-10","CROSS_EMA20_50_RSI14","EMA20/50 cross + RSI14(35/65)","20","50","14","35","65",,"14","1.5","2","none","09:30","16:00",""
"E0320","BTCX25.sim","H1","3y","2022-11-10","2025-11-10","CROSS_EMA20_50_RSI14","EMA20/50 cross + RSI14(35/65)","20","50","14","35","65",,"14","1.5","2","none","09:30","16:00",""
"E0321","BTCX25.sim","H1","5y","2020-11-10","2025-11-10","CROSS_EMA20_50_RSI14","EMA20/50 cross + RSI14(35/65)","20","50","14","35","65",,"14","2","2","none","09:30","16:00",""
"E0322","BTCX25.sim","H1","3y","2022-11-10","2025-11-10","CROSS_EMA20_50_RSI14","EMA20/50 cross + RSI14(35/65)","20","50","14","35","65",,"14","2","2","none","09:30","16:00",""
"E0323","BTCX25.sim","H1","5y","2020-11-10","2025-11-10","CROSS_EMA20_50_RSI14","EMA20/50 cross + RSI14(35/65)","20","50","14","35","65",,"14","1.5",,"atr1.0","09:30","16:00",""
"E0324","BTCX25.sim","H1","3y","2022-11-10","2025-11-10","CROSS_EMA20_50_RSI14","EMA20/50 cross + RSI14(35/65)","20","50","14","35","65",,"14","1.5",,"atr1.0","09:30","16:00",""
"E0325","BTCX25.sim","H1","5y","2020-11-10","2025-11-10","RSI21_ONLY","RSI21 band only",,,"21","30","70",,"14","1.5","2","none","09:30","16:00",""
"E0326","BTCX25.sim","H1","3y","2022-11-10","2025-11-10","RSI21_ONLY","RSI21 band only",,,"21","30","70",,"14","1.5","2","none","09:30","16:00",""
"E0327","BTCX25.sim","H1","5y","2020-11-10","2025-11-10","RSI21_ONLY","RSI21 band only",,,"21","30","70",,"14","2","2","none","09:30","16:00",""
"E0328","BTCX25.sim","H1","3y","2022-11-10","2025-11-10","RSI21_ONLY","RSI21 band only",,,"21","30","70",,"14","2","2","none","09:30","16:00",""
"E0329","BTCX25.sim","H1","5y","2020-11-10","2025-11-10","RSI21_ONLY","RSI21 band only",,,"21","30","70",,"14","1.5",,"atr1.0","09:30","16:00",""
"E0330","BTCX25.sim","H1","3y","2022-11-10","2025-11-10","RSI21_ONLY","RSI21 band only",,,"21","30","70",,"14","1.5",,"atr1.0","09:30","16:00",""
"E0331","BTCX25.sim","H1","5y","2020-11-10","2025-11-10","ADX_GATE_EMA50_RSI14","EMA50 + RSI14 + ADX>=22","20","50","14","30","70","22","14","1.5","2","none","09:30","16:00",""
"E0332","BTCX25.sim","H1","3y","2022-11-10","2025-11-10","ADX_GATE_EMA50_RSI14","EMA50 + RSI14 + ADX>=22","20","50","14","30","70","22","14","1.5","2","none","09:30","16:00",""
"E0333","BTCX25.sim","H1","5y","2020-11-10","2025-11-10","ADX_GATE_EMA50_RSI14","EMA50 + RSI14 + ADX>=22","20","50","14","30","70","22","14","2","2","none","09:30","16:00",""
"E0334","BTCX25.sim","H1","3y","2022-11-10","2025-11-10","ADX_GATE_EMA50_RSI14","EMA50 + RSI14 + ADX>=22","20","50","14","30","70","22","14","2","2","none","09:30","16:00",""
"E0335","BTCX25.sim","H1","5y","2020-11-10","2025-11-10","ADX_GATE_EMA50_RSI14","EMA50 + RSI14 + ADX>=22","20","50","14","30","70","22","14","1.5",,"atr1.0","09:30","16:00",""
"E0336","BTCX25.sim","H1","3y","2022-11-10","2025-11-10","ADX_GATE_EMA50_RSI14","EMA50 + RSI14 + ADX>=22","20","50","14","30","70","22","14","1.5",,"atr1.0","09:30","16:00",""
"E0337","BTCX25.sim","H4","5y","2020-11-10","2025-11-10","BASE_RSI14_EMA50","EMA50 trend + RSI14(30/70) gate","20","50","14","30","70",,"14","1.5","2","none","09:30","16:00",""
"E0338","BTCX25.sim","H4","3y","2022-11-10","2025-11-10","BASE_RSI14_EMA50","EMA50 trend + RSI14(30/70) gate","20","50","14","30","70",,"14","1.5","2","none","09:30","16:00",""
"E0339","BTCX25.sim","H4","5y","2020-11-10","2025-11-10","BASE_RSI14_EMA50","EMA50 trend + RSI14(30/70) gate","20","50","14","30","70",,"14","2","2","none","09:30","16:00",""
"E0340","BTCX25.sim","H4","3y","2022-11-10","2025-11-10","BASE_RSI14_EMA50","EMA50 trend + RSI14(30/70) gate","20","50","14","30","70",,"14","2","2","none","09:30","16:00",""
"E0341","BTCX25.sim","H4","5y","2020-11-10","2025-11-10","BASE_RSI14_EMA50","EMA50 trend + RSI14(30/70) gate","20","50","14","30","70",,"14","1.5",,"atr1.0","09:30","16:00",""
"E0342","BTCX25.sim","H4","3y","2022-11-10","2025-11-10","BASE_RSI14_EMA50","EMA50 trend + RSI14(30/70) gate","20","50","14","30","70",,"14","1.5",,"atr1.0","09:30","16:00",""
"E0343","BTCX25.sim","H4","5y","2020-11-10","2025-11-10","CROSS_EMA20_50_RSI14","EMA20/50 cross + RSI14(35/65)","20","50","14","35","65",,"14","1.5","2","none","09:30","16:00",""
"E0344","BTCX25.sim","H4","3y","2022-11-10","2025-11-10","CROSS_EMA20_50_RSI14","EMA20/50 cross + RSI14(35/65)","20","50","14","35","65",,"14","1.5","2","none","09:30","16:00",""
"E0345","BTCX25.sim","H4","5y","2020-11-10","2025-11-10","CROSS_EMA20_50_RSI14","EMA20/50 cross + RSI14(35/65)","20","50","14","35","65",,"14","2","2","none","09:30","16:00",""
"E0346","BTCX25.sim","H4","3y","2022-11-10","2025-11-10","CROSS_EMA20_50_RSI14","EMA20/50 cross + RSI14(35/65)","20","50","14","35","65",,"14","2","2","none","09:30","16:00",""
"E0347","BTCX25.sim","H4","5y","2020-11-10","2025-11-10","CROSS_EMA20_50_RSI14","EMA20/50 cross + RSI14(35/65)","20","50","14","35","65",,"14","1.5",,"atr1.0","09:30","16:00",""
"E0348","BTCX25.sim","H4","3y","2022-11-10","2025-11-10","CROSS_EMA20_50_RSI14","EMA20/50 cross + RSI14(35/65)","20","50","14","35","65",,"14","1.5",,"atr1.0","09:30","16:00",""
"E0349","BTCX25.sim","H4","5y","2020-11-10","2025-11-10","RSI21_ONLY","RSI21 band only",,,"21","30","70",,"14","1.5","2","none","09:30","16:00",""
"E0350","BTCX25.sim","H4","3y","2022-11-10","2025-11-10","RSI21_ONLY","RSI21 band only",,,"21","30","70",,"14","1.5","2","none","09:30","16:00",""
"E0351","BTCX25.sim","H4","5y","2020-11-10","2025-11-10","RSI21_ONLY","RSI21 band only",,,"21","30","70",,"14","2","2","none","09:30","16:00",""
"E0352","BTCX25.sim","H4","3y","2022-11-10","2025-11-10","RSI21_ONLY","RSI21 band only",,,"21","30","70",,"14","2","2","none","09:30","16:00",""
"E0353","BTCX25.sim","H4","5y","2020-11-10","2025-11-10","RSI21_ONLY","RSI21 band only",,,"21","30","70",,"14","1.5",,"atr1.0","09:30","16:00",""
"E0354","BTCX25.sim","H4","3y","2022-11-10","2025-11-10","RSI21_ONLY","RSI21 band only",,,"21","30","70",,"14","1.5",,"atr1.0","09:30","16:00",""
"E0355","BTCX25.sim","H4","5y","2020-11-10","2025-11-10","ADX_GATE_EMA50_RSI14","EMA50 + RSI14 + ADX>=22","20","50","14","30","70","22","14","1.5","2","none","09:30","16:00",""
"E0356","BTCX25.sim","H4","3y","2022-11-10","2025-11-10","ADX_GATE_EMA50_RSI14","EMA50 + RSI14 + ADX>=22","20","50","14","30","70","22","14","1.5","2","none","09:30","16:00",""
"E0357","BTCX25.sim","H4","5y","2020-11-10","2025-11-10","ADX_GATE_EMA50_RSI14","EMA50 + RSI14 + ADX>=22","20","50","14","30","70","22","14","2","2","none","09:30","16:00",""
"E0358","BTCX25.sim","H4","3y","2022-11-10","2025-11-10","ADX_GATE_EMA50_RSI14","EMA50 + RSI14 + ADX>=22","20","50","14","30","70","22","14","2","2","none","09:30","16:00",""
"E0359","BTCX25.sim","H4","5y","2020-11-10","2025-11-10","ADX_GATE_EMA50_RSI14","EMA50 + RSI14 + ADX>=22","20","50","14","30","70","22","14","1.5",,"atr1.0","09:30","16:00",""
"E0360","BTCX25.sim","H4","3y","2022-11-10","2025-11-10","ADX_GATE_EMA50_RSI14","EMA50 + RSI14 + ADX>=22","20","50","14","30","70","22","14","1.5",,"atr1.0","09:30","16:00",""
"E0361","USOILZ25.sim","M30","5y","2020-11-10","2025-11-10","BASE_RSI14_EMA50","EMA50 trend + RSI14(30/70) gate","20","50","14","30","70",,"14","1.5","2","none","09:30","16:00",""
"E0362","USOILZ25.sim","M30","3y","2022-11-10","2025-11-10","BASE_RSI14_EMA50","EMA50 trend + RSI14(30/70) gate","20","50","14","30","70",,"14","1.5","2","none","09:30","16:00",""
"E0363","USOILZ25.sim","M30","5y","2020-11-10","2025-11-10","BASE_RSI14_EMA50","EMA50 trend + RSI14(30/70) gate","20","50","14","30","70",,"14","2","2","none","09:30","16:00",""
"E0364","USOILZ25.sim","M30","3y","2022-11-10","2025-11-10","BASE_RSI14_EMA50","EMA50 trend + RSI14(30/70) gate","20","50","14","30","70",,"14","2","2","none","09:30","16:00",""
"E0365","USOILZ25.sim","M30","5y","2020-11-10","2025-11-10","BASE_RSI14_EMA50","EMA50 trend + RSI14(30/70) gate","20","50","14","30","70",,"14","1.5",,"atr1.0","09:30","16:00",""
"E0366","USOILZ25.sim","M30","3y","2022-11-10","2025-11-10","BASE_RSI14_EMA50","EMA50 trend + RSI14(30/70) gate","20","50","14","30","70",,"14","1.5",,"atr1.0","09:30","16:00",""
"E0367","USOILZ25.sim","M30","5y","2020-11-10","2025-11-10","CROSS_EMA20_50_RSI14","EMA20/50 cross + RSI14(35/65)","20","50","14","35","65",,"14","1.5","2","none","09:30","16:00",""
"E0368","USOILZ25.sim","M30","3y","2022-11-10","2025-11-10","CROSS_EMA20_50_RSI14","EMA20/50 cross + RSI14(35/65)","20","50","14","35","65",,"14","1.5","2","none","09:30","16:00",""
"E0369","USOILZ25.sim","M30","5y","2020-11-10","2025-11-10","CROSS_EMA20_50_RSI14","EMA20/50 cross + RSI14(35/65)","20","50","14","35","65",,"14","2","2","none","09:30","16:00",""
"E0370","USOILZ25.sim","M30","3y","2022-11-10","2025-11-10","CROSS_EMA20_50_RSI14","EMA20/50 cross + RSI14(35/65)","20","50","14","35","65",,"14","2","2","none","09:30","16:00",""
"E0371","USOILZ25.sim","M30","5y","2020-11-10","2025-11-10","CROSS_EMA20_50_RSI14","EMA20/50 cross + RSI14(35/65)","20","50","14","35","65",,"14","1.5",,"atr1.0","09:30","16:00",""
"E0372","USOILZ25.sim","M30","3y","2022-11-10","2025-11-10","CROSS_EMA20_50_RSI14","EMA20/50 cross + RSI14(35/65)","20","50","14","35","65",,"14","1.5",,"atr1.0","09:30","16:00",""
"E0373","USOILZ25.sim","M30","5y","2020-11-10","2025-11-10","RSI21_ONLY","RSI21 band only",,,"21","30","70",,"14","1.5","2","none","09:30","16:00",""
"E0374","USOILZ25.sim","M30","3y","2022-11-10","2025-11-10","RSI21_ONLY","RSI21 band only",,,"21","30","70",,"14","1.5","2","none","09:30","16:00",""
"E0375","USOILZ25.sim","M30","5y","2020-11-10","2025-11-10","RSI21_ONLY","RSI21 band only",,,"21","30","70",,"14","2","2","none","09:30","16:00",""
"E0376","USOILZ25.sim","M30","3y","2022-11-10","2025-11-10","RSI21_ONLY","RSI21 band only",,,"21","30","70",,"14","2","2","none","09:30","16:00",""
"E0377","USOILZ25.sim","M30","5y","2020-11-10","2025-11-10","RSI21_ONLY","RSI21 band only",,,"21","30","70",,"14","1.5",,"atr1.0","09:30","16:00",""
"E0378","USOILZ25.sim","M30","3y","2022-11-10","2025-11-10","RSI21_ONLY","RSI21 band only",,,"21","30","70",,"14","1.5",,"atr1.0","09:30","16:00",""
"E0379","USOILZ25.sim","M30","5y","2020-11-10","2025-11-10","ADX_GATE_EMA50_RSI14","EMA50 + RSI14 + ADX>=22","20","50","14","30","70","22","14","1.5","2","none","09:30","16:00",""
"E0380","USOILZ25.sim","M30","3y","2022-11-10","2025-11-10","ADX_GATE_EMA50_RSI14","EMA50 + RSI14 + ADX>=22","20","50","14","30","70","22","14","1.5","2","none","09:30","16:00",""
"E0381","USOILZ25.sim","M30","5y","2020-11-10","2025-11-10","ADX_GATE_EMA50_RSI14","EMA50 + RSI14 + ADX>=22","20","50","14","30","70","22","14","2","2","none","09:30","16:00",""
"E0382","USOILZ25.sim","M30","3y","2022-11-10","2025-11-10","ADX_GATE_EMA50_RSI14","EMA50 + RSI14 + ADX>=22","20","50","14","30","70","22","14","2","2","none","09:30","16:00",""
"E0383","USOILZ25.sim","M30","5y","2020-11-10","2025-11-10","ADX_GATE_EMA50_RSI14","EMA50 + RSI14 + ADX>=22","20","50","14","30","70","22","14","1.5",,"atr1.0","09:30","16:00",""
"E0384","USOILZ25.sim","M30","3y","2022-11-10","2025-11-10","ADX_GATE_EMA50_RSI14","EMA50 + RSI14 + ADX>=22","20","50","14","30","70","22","14","1.5",,"atr1.0","09:30","16:00",""
"E0385","USOILZ25.sim","H1","5y","2020-11-10","2025-11-10","BASE_RSI14_EMA50","EMA50 trend + RSI14(30/70) gate","20","50","14","30","70",,"14","1.5","2","none","09:30","16:00",""
"E0386","USOILZ25.sim","H1","3y","2022-11-10","2025-11-10","BASE_RSI14_EMA50","EMA50 trend + RSI14(30/70) gate","20","50","14","30","70",,"14","1.5","2","none","09:30","16:00",""
"E0387","USOILZ25.sim","H1","5y","2020-11-10","2025-11-10","BASE_RSI14_EMA50","EMA50 trend + RSI14(30/70) gate","20","50","14","30","70",,"14","2","2","none","09:30","16:00",""
"E0388","USOILZ25.sim","H1","3y","2022-11-10","2025-11-10","BASE_RSI14_EMA50","EMA50 trend + RSI14(30/70) gate","20","50","14","30","70",,"14","2","2","none","09:30","16:00",""
"E0389","USOILZ25.sim","H1","5y","2020-11-10","2025-11-10","BASE_RSI14_EMA50","EMA50 trend + RSI14(30/70) gate","20","50","14","30","70",,"14","1.5",,"atr1.0","09:30","16:00",""
"E0390","USOILZ25.sim","H1","3y","2022-11-10","2025-11-10","BASE_RSI14_EMA50","EMA50 trend + RSI14(30/70) gate","20","50","14","30","70",,"14","1.5",,"atr1.0","09:30","16:00",""
"E0391","USOILZ25.sim","H1","5y","2020-11-10","2025-11-10","CROSS_EMA20_50_RSI14","EMA20/50 cross + RSI14(35/65)","20","50","14","35","65",,"14","1.5","2","none","09:30","16:00",""
"E0392","USOILZ25.sim","H1","3y","2022-11-10","2025-11-10","CROSS_EMA20_50_RSI14","EMA20/50 cross + RSI14(35/65)","20","50","14","35","65",,"14","1.5","2","none","09:30","16:00",""
"E0393","USOILZ25.sim","H1","5y","2020-11-10","2025-11-10","CROSS_EMA20_50_RSI14","EMA20/50 cross + RSI14(35/65)","20","50","14","35","65",,"14","2","2","none","09:30","16:00",""
"E0394","USOILZ25.sim","H1","3y","2022-11-10","2025-11-10","CROSS_EMA20_50_RSI14","EMA20/50 cross + RSI14(35/65)","20","50","14","35","65",,"14","2","2","none","09:30","16:00",""
"E0395","USOILZ25.sim","H1","5y","2020-11-10","2025-11-10","CROSS_EMA20_50_RSI14","EMA20/50 cross + RSI14(35/65)","20","50","14","35","65",,"14","1.5",,"atr1.0","09:30","16:00",""
"E0396","USOILZ25.sim","H1","3y","2022-11-10","2025-11-10","CROSS_EMA20_50_RSI14","EMA20/50 cross + RSI14(35/65)","20","50","14","35","65",,"14","1.5",,"atr1.0","09:30","16:00",""
"E0397","USOILZ25.sim","H1","5y","2020-11-10","2025-11-10","RSI21_ONLY","RSI21 band only",,,"21","30","70",,"14","1.5","2","none","09:30","16:00",""
"E0398","USOILZ25.sim","H1","3y","2022-11-10","2025-11-10","RSI21_ONLY","RSI21 band only",,,"21","30","70",,"14","1.5","2","none","09:30","16:00",""
"E0399","USOILZ25.sim","H1","5y","2020-11-10","2025-11-10","RSI21_ONLY","RSI21 band only",,,"21","30","70",,"14","2","2","none","09:30","16:00",""
"E0400","USOILZ25.sim","H1","3y","2022-11-10","2025-11-10","RSI21_ONLY","RSI21 band only",,,"21","30","70",,"14","2","2","none","09:30","16:00",""
"E0401","USOILZ25.sim","H1","5y","2020-11-10","2025-11-10","RSI21_ONLY","RSI21 band only",,,"21","30","70",,"14","1.5",,"atr1.0","09:30","16:00",""
"E0402","USOILZ25.sim","H1","3y","2022-11-10","2025-11-10","RSI21_ONLY","RSI21 band only",,,"21","30","70",,"14","1.5",,"atr1.0","09:30","16:00",""
"E0403","USOILZ25.sim","H1","5y","2020-11-10","2025-11-10","ADX_GATE_EMA50_RSI14","EMA50 + RSI14 + ADX>=22","20","50","14","30","70","22","14","1.5","2","none","09:30","16:00",""
"E0404","USOILZ25.sim","H1","3y","2022-11-10","2025-11-10","ADX_GATE_EMA50_RSI14","EMA50 + RSI14 + ADX>=22","20","50","14","30","70","22","14","1.5","2","none","09:30","16:00",""
"E0405","USOILZ25.sim","H1","5y","2020-11-10","2025-11-10","ADX_GATE_EMA50_RSI14","EMA50 + RSI14 + ADX>=22","20","50","14","30","70","22","14","2","2","none","09:30","16:00",""
"E0406","USOILZ25.sim","H1","3y","2022-11-10","2025-11-10","ADX_GATE_EMA50_RSI14","EMA50 + RSI14 + ADX>=22","20","50","14","30","70","22","14","2","2","none","09:30","16:00",""
"E0407","USOILZ25.sim","H1","5y","2020-11-10","2025-11-10","ADX_GATE_EMA50_RSI14","EMA50 + RSI14 + ADX>=22","20","50","14","30","70","22","14","1.5",,"atr1.0","09:30","16:00",""
"E0408","USOILZ25.sim","H1","3y","2022-11-10","2025-11-10","ADX_GATE_EMA50_RSI14","EMA50 + RSI14 + ADX>=22","20","50","14","30","70","22","14","1.5",,"atr1.0","09:30","16:00",""
"E0409","USOILZ25.sim","H4","5y","2020-11-10","2025-11-10","BASE_RSI14_EMA50","EMA50 trend + RSI14(30/70) gate","20","50","14","30","70",,"14","1.5","2","none","09:30","16:00",""
"E0410","USOILZ25.sim","H4","3y","2022-11-10","2025-11-10","BASE_RSI14_EMA50","EMA50 trend + RSI14(30/70) gate","20","50","14","30","70",,"14","1.5","2","none","09:30","16:00",""
"E0411","USOILZ25.sim","H4","5y","2020-11-10","2025-11-10","BASE_RSI14_EMA50","EMA50 trend + RSI14(30/70) gate","20","50","14","30","70",,"14","2","2","none","09:30","16:00",""
"E0412","USOILZ25.sim","H4","3y","2022-11-10","2025-11-10","BASE_RSI14_EMA50","EMA50 trend + RSI14(30/70) gate","20","50","14","30","70",,"14","2","2","none","09:30","16:00",""
"E0413","USOILZ25.sim","H4","5y","2020-11-10","2025-11-10","BASE_RSI14_EMA50","EMA50 trend + RSI14(30/70) gate","20","50","14","30","70",,"14","1.5",,"atr1.0","09:30","16:00",""
"E0414","USOILZ25.sim","H4","3y","2022-11-10","2025-11-10","BASE_RSI14_EMA50","EMA50 trend + RSI14(30/70) gate","20","50","14","30","70",,"14","1.5",,"atr1.0","09:30","16:00",""
"E0415","USOILZ25.sim","H4","5y","2020-11-10","2025-11-10","CROSS_EMA20_50_RSI14","EMA20/50 cross + RSI14(35/65)","20","50","14","35","65",,"14","1.5","2","none","09:30","16:00",""
"E0416","USOILZ25.sim","H4","3y","2022-11-10","2025-11-10","CROSS_EMA20_50_RSI14","EMA20/50 cross + RSI14(35/65)","20","50","14","35","65",,"14","1.5","2","none","09:30","16:00",""
"E0417","USOILZ25.sim","H4","5y","2020-11-10","2025-11-10","CROSS_EMA20_50_RSI14","EMA20/50 cross + RSI14(35/65)","20","50","14","35","65",,"14","2","2","none","09:30","16:00",""
"E0418","USOILZ25.sim","H4","3y","2022-11-10","2025-11-10","CROSS_EMA20_50_RSI14","EMA20/50 cross + RSI14(35/65)","20","50","14","35","65",,"14","2","2","none","09:30","16:00",""
"E0419","USOILZ25.sim","H4","5y","2020-11-10","2025-11-10","CROSS_EMA20_50_RSI14","EMA20/50 cross + RSI14(35/65)","20","50","14","35","65",,"14","1.5",,"atr1.0","09:30","16:00",""
"E0420","USOILZ25.sim","H4","3y","2022-11-10","2025-11-10","CROSS_EMA20_50_RSI14","EMA20/50 cross + RSI14(35/65)","20","50","14","35","65",,"14","1.5",,"atr1.0","09:30","16:00",""
"E0421","USOILZ25.sim","H4","5y","2020-11-10","2025-11-10","RSI21_ONLY","RSI21 band only",,,"21","30","70",,"14","1.5","2","none","09:30","16:00",""
"E0422","USOILZ25.sim","H4","3y","2022-11-10","2025-11-10","RSI21_ONLY","RSI21 band only",,,"21","30","70",,"14","1.5","2","none","09:30","16:00",""
"E0423","USOILZ25.sim","H4","5y","2020-11-10","2025-11-10","RSI21_ONLY","RSI21 band only",,,"21","30","70",,"14","2","2","none","09:30","16:00",""
"E0424","USOILZ25.sim","H4","3y","2022-11-10","2025-11-10","RSI21_ONLY","RSI21 band only",,,"21","30","70",,"14","2","2","none","09:30","16:00",""
"E0425","USOILZ25.sim","H4","5y","2020-11-10","2025-11-10","RSI21_ONLY","RSI21 band only",,,"21","30","70",,"14","1.5",,"atr1.0","09:30","16:00",""
"E0426","USOILZ25.sim","H4","3y","2022-11-10","2025-11-10","RSI21_ONLY","RSI21 band only",,,"21","30","70",,"14","1.5",,"atr1.0","09:30","16:00",""
"E0427","USOILZ25.sim","H4","5y","2020-11-10","2025-11-10","ADX_GATE_EMA50_RSI14","EMA50 + RSI14 + ADX>=22","20","50","14","30","70","22","14","1.5","2","none","09:30","16:00",""
"E0428","USOILZ25.sim","H4","3y","2022-11-10","2025-11-10","ADX_GATE_EMA50_RSI14","EMA50 + RSI14 + ADX>=22","20","50","14","30","70","22","14","1.5","2","none","09:30","16:00",""
"E0429","USOILZ25.sim","H4","5y","2020-11-10","2025-11-10","ADX_GATE_EMA50_RSI14","EMA50 + RSI14 + ADX>=22","20","50","14","30","70","22","14","2","2","none","09:30","16:00",""
"E0430","USOILZ25.sim","H4","3y","2022-11-10","2025-11-10","ADX_GATE_EMA50_RSI14","EMA50 + RSI14 + ADX>=22","20","50","14","30","70","22","14","2","2","none","09:30","16:00",""
"E0431","USOILZ25.sim","H4","5y","2020-11-10","2025-11-10","ADX_GATE_EMA50_RSI14","EMA50 + RSI14 + ADX>=22","20","50","14","30","70","22","14","1.5",,"atr1.0","09:30","16:00",""
"E0432","USOILZ25.sim","H4","3y","2022-11-10","2025-11-10","ADX_GATE_EMA50_RSI14","EMA50 + RSI14 + ADX>=22","20","50","14","30","70","22","14","1.5",,"atr1.0","09:30","16:00",""
